#0001,Bulbasaur,https://img.pokemondb.net/sprites/home/normal/2x/bulbasaur.jpg,Grass|Poison
#0002,Ivysaur,https://img.pokemondb.net/sprites/home/normal/2x/ivysaur.jpg,Grass|Poison
#0003,Venusaur,https://img.pokemondb.net/sprites/home/normal/2x/venusaur.jpg,Grass|Poison
#0004,Charmander,https://img.pokemondb.net/sprites/home/normal/2x/charmander.jpg,Fire
#0005,Charmeleon,https://img.pokemondb.net/sprites/home/normal/2x/charmeleon.jpg,Fire
#0006,Charizard,https://img.pokemondb.net/sprites/home/normal/2x/charizard.jpg,Fire|Flying
#0007,Squirtle,https://img.pokemondb.net/sprites/home/normal/2x/squirtle.jpg,Water
#0008,Wartortle,https://img.pokemondb.net/sprites/home/normal/2x/wartortle.jpg,Water
#0009,Blastoise,https://img.pokemondb.net/sprites/home/normal/2x/blastoise.jpg,Water
#0010,Caterpie,https://img.pokemondb.net/sprites/home/normal/2x/caterpie.jpg,Bug
#0011,Metapod,https://img.pokemondb.net/sprites/home/normal/2x/metapod.jpg,Bug
#0012,Butterfree,https://img.pokemondb.net/sprites/home/normal/2x/butterfree.jpg,Bug|Flying
#0013,Weedle,https://img.pokemondb.net/sprites/home/normal/2x/weedle.jpg,Bug|Poison
#0014,Kakuna,https://img.pokemondb.net/sprites/home/normal/2x/kakuna.jpg,Bug|Poison
#0015,Beedrill,https://img.pokemondb.net/sprites/home/normal/2x/beedrill.jpg,Bug|Poison
#0016,Pidgey,https://img.pokemondb.net/sprites/home/normal/2x/pidgey.jpg,Normal|Flying
#0017,Pidgeotto,https://img.pokemondb.net/sprites/home/normal/2x/pidgeotto.jpg,Normal|Flying
#0018,Pidgeot,https://img.pokemondb.net/sprites/home/normal/2x/pidgeot.jpg,Normal|Flying
#0019,Rattata,https://img.pokemondb.net/sprites/home/normal/2x/rattata.jpg,Normal
#0020,Raticate,https://img.pokemondb.net/sprites/home/normal/2x/raticate.jpg,Normal
#0021,Spearow,https://img.pokemondb.net/sprites/home/normal/2x/spearow.jpg,Normal|Flying
#0022,Fearow,https://img.pokemondb.net/sprites/home/normal/2x/fearow.jpg,Normal|Flying
#0023,Ekans,https://img.pokemondb.net/sprites/home/normal/2x/ekans.jpg,Poison
#0024,Arbok,https://img.pokemondb.net/sprites/home/normal/2x/arbok.jpg,Poison
#0025,Pikachu,https://img.pokemondb.net/sprites/home/normal/2x/pikachu.jpg,Electric
#0026,Raichu,https://img.pokemondb.net/sprites/home/normal/2x/raichu.jpg,Electric
#0027,Sandshrew,https://img.pokemondb.net/sprites/home/normal/2x/sandshrew.jpg,Ground
#0028,Sandslash,https://img.pokemondb.net/sprites/home/normal/2x/sandslash.jpg,Ground
#0029,Nidoran♀,https://img.pokemondb.net/sprites/home/normal/2x/nidoran-f.jpg,Poison
#0030,Nidorina,https://img.pokemondb.net/sprites/home/normal/2x/nidorina.jpg,Poison
#0031,Nidoqueen,https://img.pokemondb.net/sprites/home/normal/2x/nidoqueen.jpg,Poison|Ground
#0032,Nidoran♂,https://img.pokemondb.net/sprites/home/normal/2x/nidoran-m.jpg,Poison
#0033,Nidorino,https://img.pokemondb.net/sprites/home/normal/2x/nidorino.jpg,Poison
#0034,Nidoking,https://img.pokemondb.net/sprites/home/normal/2x/nidoking.jpg,Poison|Ground
#0035,Clefairy,https://img.pokemondb.net/sprites/home/normal/2x/clefairy.jpg,Fairy
#0036,Clefable,https://img.pokemondb.net/sprites/home/normal/2x/clefable.jpg,Fairy
#0037,Vulpix,https://img.pokemondb.net/sprites/home/normal/2x/vulpix.jpg,Fire
#0038,Ninetales,https://img.pokemondb.net/sprites/home/normal/2x/ninetales.jpg,Fire
#0039,Jigglypuff,https://img.pokemondb.net/sprites/home/normal/2x/jigglypuff.jpg,Normal|Fairy
#0040,Wigglytuff,https://img.pokemondb.net/sprites/home/normal/2x/wigglytuff.jpg,Normal|Fairy
#0041,Zubat,https://img.pokemondb.net/sprites/home/normal/2x/zubat.jpg,Poison|Flying
#0042,Golbat,https://img.pokemondb.net/sprites/home/normal/2x/golbat.jpg,Poison|Flying
#0043,Oddish,https://img.pokemondb.net/sprites/home/normal/2x/oddish.jpg,Grass|Poison
#0044,Gloom,https://img.pokemondb.net/sprites/home/normal/2x/gloom.jpg,Grass|Poison
#0045,Vileplume,https://img.pokemondb.net/sprites/home/normal/2x/vileplume.jpg,Grass|Poison
#0046,Paras,https://img.pokemondb.net/sprites/home/normal/2x/paras.jpg,Bug|Grass
#0047,Parasect,https://img.pokemondb.net/sprites/home/normal/2x/parasect.jpg,Bug|Grass
#0048,Venonat,https://img.pokemondb.net/sprites/home/normal/2x/venonat.jpg,Bug|Poison
#0049,Venomoth,https://img.pokemondb.net/sprites/home/normal/2x/venomoth.jpg,Bug|Poison
#0050,Diglett,https://img.pokemondb.net/sprites/home/normal/2x/diglett.jpg,Ground
#0051,Dugtrio,https://img.pokemondb.net/sprites/home/normal/2x/dugtrio.jpg,Ground
#0052,Meowth,https://img.pokemondb.net/sprites/home/normal/2x/meowth.jpg,Normal
#0053,Persian,https://img.pokemondb.net/sprites/home/normal/2x/persian.jpg,Normal
#0054,Psyduck,https://img.pokemondb.net/sprites/home/normal/2x/psyduck.jpg,Water
#0055,Golduck,https://img.pokemondb.net/sprites/home/normal/2x/golduck.jpg,Water
#0056,Mankey,https://img.pokemondb.net/sprites/home/normal/2x/mankey.jpg,Fighting
#0057,Primeape,https://img.pokemondb.net/sprites/home/normal/2x/primeape.jpg,Fighting
#0058,Growlithe,https://img.pokemondb.net/sprites/home/normal/2x/growlithe.jpg,Fire
#0059,Arcanine,https://img.pokemondb.net/sprites/home/normal/2x/arcanine.jpg,Fire
#0060,Poliwag,https://img.pokemondb.net/sprites/home/normal/2x/poliwag.jpg,Water
#0061,Poliwhirl,https://img.pokemondb.net/sprites/home/normal/2x/poliwhirl.jpg,Water
#0062,Poliwrath,https://img.pokemondb.net/sprites/home/normal/2x/poliwrath.jpg,Water|Fighting
#0063,Abra,https://img.pokemondb.net/sprites/home/normal/2x/abra.jpg,Psychic
#0064,Kadabra,https://img.pokemondb.net/sprites/home/normal/2x/kadabra.jpg,Psychic
#0065,Alakazam,https://img.pokemondb.net/sprites/home/normal/2x/alakazam.jpg,Psychic
#0066,Machop,https://img.pokemondb.net/sprites/home/normal/2x/machop.jpg,Fighting
#0067,Machoke,https://img.pokemondb.net/sprites/home/normal/2x/machoke.jpg,Fighting
#0068,Machamp,https://img.pokemondb.net/sprites/home/normal/2x/machamp.jpg,Fighting
#0069,Bellsprout,https://img.pokemondb.net/sprites/home/normal/2x/bellsprout.jpg,Grass|Poison
#0070,Weepinbell,https://img.pokemondb.net/sprites/home/normal/2x/weepinbell.jpg,Grass|Poison
#0071,Victreebel,https://img.pokemondb.net/sprites/home/normal/2x/victreebel.jpg,Grass|Poison
#0072,Tentacool,https://img.pokemondb.net/sprites/home/normal/2x/tentacool.jpg,Water|Poison
#0073,Tentacruel,https://img.pokemondb.net/sprites/home/normal/2x/tentacruel.jpg,Water|Poison
#0074,Geodude,https://img.pokemondb.net/sprites/home/normal/2x/geodude.jpg,Rock|Ground
#0075,Graveler,https://img.pokemondb.net/sprites/home/normal/2x/graveler.jpg,Rock|Ground
#0076,Golem,https://img.pokemondb.net/sprites/home/normal/2x/golem.jpg,Rock|Ground
#0077,Ponyta,https://img.pokemondb.net/sprites/home/normal/2x/ponyta.jpg,Fire
#0078,Rapidash,https://img.pokemondb.net/sprites/home/normal/2x/rapidash.jpg,Fire
#0079,Slowpoke,https://img.pokemondb.net/sprites/home/normal/2x/slowpoke.jpg,Water|Psychic
#0080,Slowbro,https://img.pokemondb.net/sprites/home/normal/2x/slowbro.jpg,Water|Psychic
#0081,Magnemite,https://img.pokemondb.net/sprites/home/normal/2x/magnemite.jpg,Electric|Steel
#0082,Magneton,https://img.pokemondb.net/sprites/home/normal/2x/magneton.jpg,Electric|Steel
#0083,Farfetch'd,https://img.pokemondb.net/sprites/home/normal/2x/farfetchd.jpg,Normal|Flying
#0084,Doduo,https://img.pokemondb.net/sprites/home/normal/2x/doduo.jpg,Normal|Flying
#0085,Dodrio,https://img.pokemondb.net/sprites/home/normal/2x/dodrio.jpg,Normal|Flying
#0086,Seel,https://img.pokemondb.net/sprites/home/normal/2x/seel.jpg,Water
#0087,Dewgong,https://img.pokemondb.net/sprites/home/normal/2x/dewgong.jpg,Water|Ice
#0088,Grimer,https://img.pokemondb.net/sprites/home/normal/2x/grimer.jpg,Poison
#0089,Muk,https://img.pokemondb.net/sprites/home/normal/2x/muk.jpg,Poison
#0090,Shellder,https://img.pokemondb.net/sprites/home/normal/2x/shellder.jpg,Water
#0091,Cloyster,https://img.pokemondb.net/sprites/home/normal/2x/cloyster.jpg,Water|Ice
#0092,Gastly,https://img.pokemondb.net/sprites/home/normal/2x/gastly.jpg,Ghost|Poison
#0093,Haunter,https://img.pokemondb.net/sprites/home/normal/2x/haunter.jpg,Ghost|Poison
#0094,Gengar,https://img.pokemondb.net/sprites/home/normal/2x/gengar.jpg,Ghost|Poison
#0095,Onix,https://img.pokemondb.net/sprites/home/normal/2x/onix.jpg,Rock|Ground
#0096,Drowzee,https://img.pokemondb.net/sprites/home/normal/2x/drowzee.jpg,Psychic
#0097,Hypno,https://img.pokemondb.net/sprites/home/normal/2x/hypno.jpg,Psychic
#0098,Krabby,https://img.pokemondb.net/sprites/home/normal/2x/krabby.jpg,Water
#0099,Kingler,https://img.pokemondb.net/sprites/home/normal/2x/kingler.jpg,Water
#0100,Voltorb,https://img.pokemondb.net/sprites/home/normal/2x/voltorb.jpg,Electric
#0101,Electrode,https://img.pokemondb.net/sprites/home/normal/2x/electrode.jpg,Electric
#0102,Exeggcute,https://img.pokemondb.net/sprites/home/normal/2x/exeggcute.jpg,Grass|Psychic
#0103,Exeggutor,https://img.pokemondb.net/sprites/home/normal/2x/exeggutor.jpg,Grass|Psychic
#0104,Cubone,https://img.pokemondb.net/sprites/home/normal/2x/cubone.jpg,Ground
#0105,Marowak,https://img.pokemondb.net/sprites/home/normal/2x/marowak.jpg,Ground
#0106,Hitmonlee,https://img.pokemondb.net/sprites/home/normal/2x/hitmonlee.jpg,Fighting
#0107,Hitmonchan,https://img.pokemondb.net/sprites/home/normal/2x/hitmonchan.jpg,Fighting
#0108,Lickitung,https://img.pokemondb.net/sprites/home/normal/2x/lickitung.jpg,Normal
#0109,Koffing,https://img.pokemondb.net/sprites/home/normal/2x/koffing.jpg,Poison
#0110,Weezing,https://img.pokemondb.net/sprites/home/normal/2x/weezing.jpg,Poison
#0111,Rhyhorn,https://img.pokemondb.net/sprites/home/normal/2x/rhyhorn.jpg,Ground|Rock
#0112,Rhydon,https://img.pokemondb.net/sprites/home/normal/2x/rhydon.jpg,Ground|Rock
#0113,Chansey,https://img.pokemondb.net/sprites/home/normal/2x/chansey.jpg,Normal
#0114,Tangela,https://img.pokemondb.net/sprites/home/normal/2x/tangela.jpg,Grass
#0115,Kangaskhan,https://img.pokemondb.net/sprites/home/normal/2x/kangaskhan.jpg,Normal
#0116,Horsea,https://img.pokemondb.net/sprites/home/normal/2x/horsea.jpg,Water
#0117,Seadra,https://img.pokemondb.net/sprites/home/normal/2x/seadra.jpg,Water
#0118,Goldeen,https://img.pokemondb.net/sprites/home/normal/2x/goldeen.jpg,Water
#0119,Seaking,https://img.pokemondb.net/sprites/home/normal/2x/seaking.jpg,Water
#0120,Staryu,https://img.pokemondb.net/sprites/home/normal/2x/staryu.jpg,Water
#0121,Starmie,https://img.pokemondb.net/sprites/home/normal/2x/starmie.jpg,Water|Psychic
#0122,Mr. Mime,https://img.pokemondb.net/sprites/home/normal/2x/mr-mime.jpg,Psychic|Fairy
#0123,Scyther,https://img.pokemondb.net/sprites/home/normal/2x/scyther.jpg,Bug|Flying
#0124,Jynx,https://img.pokemondb.net/sprites/home/normal/2x/jynx.jpg,Ice|Psychic
#0125,Electabuzz,https://img.pokemondb.net/sprites/home/normal/2x/electabuzz.jpg,Electric
#0126,Magmar,https://img.pokemondb.net/sprites/home/normal/2x/magmar.jpg,Fire
#0127,Pinsir,https://img.pokemondb.net/sprites/home/normal/2x/pinsir.jpg,Bug
#0128,Tauros,https://img.pokemondb.net/sprites/home/normal/2x/tauros.jpg,Normal
#0129,Magikarp,https://img.pokemondb.net/sprites/home/normal/2x/magikarp.jpg,Water
#0130,Gyarados,https://img.pokemondb.net/sprites/home/normal/2x/gyarados.jpg,Water|Flying
#0131,Lapras,https://img.pokemondb.net/sprites/home/normal/2x/lapras.jpg,Water|Ice
#0132,Ditto,https://img.pokemondb.net/sprites/home/normal/2x/ditto.jpg,Normal
#0133,Eevee,https://img.pokemondb.net/sprites/home/normal/2x/eevee.jpg,Normal
#0134,Vaporeon,https://img.pokemondb.net/sprites/home/normal/2x/vaporeon.jpg,Water
#0135,Jolteon,https://img.pokemondb.net/sprites/home/normal/2x/jolteon.jpg,Electric
#0136,Flareon,https://img.pokemondb.net/sprites/home/normal/2x/flareon.jpg,Fire
#0137,Porygon,https://img.pokemondb.net/sprites/home/normal/2x/porygon.jpg,Normal
#0138,Omanyte,https://img.pokemondb.net/sprites/home/normal/2x/omanyte.jpg,Rock|Water
#0139,Omastar,https://img.pokemondb.net/sprites/home/normal/2x/omastar.jpg,Rock|Water
#0140,Kabuto,https://img.pokemondb.net/sprites/home/normal/2x/kabuto.jpg,Rock|Water
#0141,Kabutops,https://img.pokemondb.net/sprites/home/normal/2x/kabutops.jpg,Rock|Water
#0142,Aerodactyl,https://img.pokemondb.net/sprites/home/normal/2x/aerodactyl.jpg,Rock|Flying
#0143,Snorlax,https://img.pokemondb.net/sprites/home/normal/2x/snorlax.jpg,Normal
#0144,Articuno,https://img.pokemondb.net/sprites/home/normal/2x/articuno.jpg,Ice|Flying
#0145,Zapdos,https://img.pokemondb.net/sprites/home/normal/2x/zapdos.jpg,Electric|Flying
#0146,Moltres,https://img.pokemondb.net/sprites/home/normal/2x/moltres.jpg,Fire|Flying
#0147,Dratini,https://img.pokemondb.net/sprites/home/normal/2x/dratini.jpg,Dragon
#0148,Dragonair,https://img.pokemondb.net/sprites/home/normal/2x/dragonair.jpg,Dragon
#0149,Dragonite,https://img.pokemondb.net/sprites/home/normal/2x/dragonite.jpg,Dragon|Flying
#0150,Mewtwo,https://img.pokemondb.net/sprites/home/normal/2x/mewtwo.jpg,Psychic
#0151,Mew,https://img.pokemondb.net/sprites/home/normal/2x/mew.jpg,Psychic
#0152,Chikorita,https://img.pokemondb.net/sprites/home/normal/2x/chikorita.jpg,Grass
#0153,Bayleef,https://img.pokemondb.net/sprites/home/normal/2x/bayleef.jpg,Grass
#0154,Meganium,https://img.pokemondb.net/sprites/home/normal/2x/meganium.jpg,Grass
#0155,Cyndaquil,https://img.pokemondb.net/sprites/home/normal/2x/cyndaquil.jpg,Fire
#0156,Quilava,https://img.pokemondb.net/sprites/home/normal/2x/quilava.jpg,Fire
#0157,Typhlosion,https://img.pokemondb.net/sprites/home/normal/2x/typhlosion.jpg,Fire
#0158,Totodile,https://img.pokemondb.net/sprites/home/normal/2x/totodile.jpg,Water
#0159,Croconaw,https://img.pokemondb.net/sprites/home/normal/2x/croconaw.jpg,Water
#0160,Feraligatr,https://img.pokemondb.net/sprites/home/normal/2x/feraligatr.jpg,Water
#0161,Sentret,https://img.pokemondb.net/sprites/home/normal/2x/sentret.jpg,Normal
#0162,Furret,https://img.pokemondb.net/sprites/home/normal/2x/furret.jpg,Normal
#0163,Hoothoot,https://img.pokemondb.net/sprites/home/normal/2x/hoothoot.jpg,Normal|Flying
#0164,Noctowl,https://img.pokemondb.net/sprites/home/normal/2x/noctowl.jpg,Normal|Flying
#0165,Ledyba,https://img.pokemondb.net/sprites/home/normal/2x/ledyba.jpg,Bug|Flying
#0166,Ledian,https://img.pokemondb.net/sprites/home/normal/2x/ledian.jpg,Bug|Flying
#0167,Spinarak,https://img.pokemondb.net/sprites/home/normal/2x/spinarak.jpg,Bug|Poison
#0168,Ariados,https://img.pokemondb.net/sprites/home/normal/2x/ariados.jpg,Bug|Poison
#0169,Crobat,https://img.pokemondb.net/sprites/home/normal/2x/crobat.jpg,Poison|Flying
#0170,Chinchou,https://img.pokemondb.net/sprites/home/normal/2x/chinchou.jpg,Water|Electric
#0171,Lanturn,https://img.pokemondb.net/sprites/home/normal/2x/lanturn.jpg,Water|Electric
#0172,Pichu,https://img.pokemondb.net/sprites/home/normal/2x/pichu.jpg,Electric
#0173,Cleffa,https://img.pokemondb.net/sprites/home/normal/2x/cleffa.jpg,Fairy
#0174,Igglybuff,https://img.pokemondb.net/sprites/home/normal/2x/igglybuff.jpg,Normal|Fairy
#0175,Togepi,https://img.pokemondb.net/sprites/home/normal/2x/togepi.jpg,Fairy
#0176,Togetic,https://img.pokemondb.net/sprites/home/normal/2x/togetic.jpg,Fairy|Flying
#0177,Natu,https://img.pokemondb.net/sprites/home/normal/2x/natu.jpg,Psychic|Flying
#0178,Xatu,https://img.pokemondb.net/sprites/home/normal/2x/xatu.jpg,Psychic|Flying
#0179,Mareep,https://img.pokemondb.net/sprites/home/normal/2x/mareep.jpg,Electric
#0180,Flaaffy,https://img.pokemondb.net/sprites/home/normal/2x/flaaffy.jpg,Electric
#0181,Ampharos,https://img.pokemondb.net/sprites/home/normal/2x/ampharos.jpg,Electric
#0182,Bellossom,https://img.pokemondb.net/sprites/home/normal/2x/bellossom.jpg,Grass
#0183,Marill,https://img.pokemondb.net/sprites/home/normal/2x/marill.jpg,Water|Fairy
#0184,Azumarill,https://img.pokemondb.net/sprites/home/normal/2x/azumarill.jpg,Water|Fairy
#0185,Sudowoodo,https://img.pokemondb.net/sprites/home/normal/2x/sudowoodo.jpg,Rock
#0186,Politoed,https://img.pokemondb.net/sprites/home/normal/2x/politoed.jpg,Water
#0187,Hoppip,https://img.pokemondb.net/sprites/home/normal/2x/hoppip.jpg,Grass|Flying
#0188,Skiploom,https://img.pokemondb.net/sprites/home/normal/2x/skiploom.jpg,Grass|Flying
#0189,Jumpluff,https://img.pokemondb.net/sprites/home/normal/2x/jumpluff.jpg,Grass|Flying
#0190,Aipom,https://img.pokemondb.net/sprites/home/normal/2x/aipom.jpg,Normal
#0191,Sunkern,https://img.pokemondb.net/sprites/home/normal/2x/sunkern.jpg,Grass
#0192,Sunflora,https://img.pokemondb.net/sprites/home/normal/2x/sunflora.jpg,Grass
#0193,Yanma,https://img.pokemondb.net/sprites/home/normal/2x/yanma.jpg,Bug|Flying
#0194,Wooper,https://img.pokemondb.net/sprites/home/normal/2x/wooper.jpg,Water|Ground
#0195,Quagsire,https://img.pokemondb.net/sprites/home/normal/2x/quagsire.jpg,Water|Ground
#0196,Espeon,https://img.pokemondb.net/sprites/home/normal/2x/espeon.jpg,Psychic
#0197,Umbreon,https://img.pokemondb.net/sprites/home/normal/2x/umbreon.jpg,Dark
#0198,Murkrow,https://img.pokemondb.net/sprites/home/normal/2x/murkrow.jpg,Dark|Flying
#0199,Slowking,https://img.pokemondb.net/sprites/home/normal/2x/slowking.jpg,Water|Psychic
#0200,Misdreavus,https://img.pokemondb.net/sprites/home/normal/2x/misdreavus.jpg,Ghost
#0201,Unown,https://img.pokemondb.net/sprites/home/normal/2x/unown.jpg,Psychic
#0202,Wobbuffet,https://img.pokemondb.net/sprites/home/normal/2x/wobbuffet.jpg,Psychic
#0203,Girafarig,https://img.pokemondb.net/sprites/home/normal/2x/girafarig.jpg,Normal|Psychic
#0204,Pineco,https://img.pokemondb.net/sprites/home/normal/2x/pineco.jpg,Bug
#0205,Forretress,https://img.pokemondb.net/sprites/home/normal/2x/forretress.jpg,Bug|Steel
#0206,Dunsparce,https://img.pokemondb.net/sprites/home/normal/2x/dunsparce.jpg,Normal
#0207,Gligar,https://img.pokemondb.net/sprites/home/normal/2x/gligar.jpg,Ground|Flying
#0208,Steelix,https://img.pokemondb.net/sprites/home/normal/2x/steelix.jpg,Steel|Ground
#0209,Snubbull,https://img.pokemondb.net/sprites/home/normal/2x/snubbull.jpg,Fairy
#0210,Granbull,https://img.pokemondb.net/sprites/home/normal/2x/granbull.jpg,Fairy
#0211,Qwilfish,https://img.pokemondb.net/sprites/home/normal/2x/qwilfish.jpg,Water|Poison
#0212,Scizor,https://img.pokemondb.net/sprites/home/normal/2x/scizor.jpg,Bug|Steel
#0213,Shuckle,https://img.pokemondb.net/sprites/home/normal/2x/shuckle.jpg,Bug|Rock
#0214,Heracross,https://img.pokemondb.net/sprites/home/normal/2x/heracross.jpg,Bug|Fighting
#0215,Sneasel,https://img.pokemondb.net/sprites/home/normal/2x/sneasel.jpg,Dark|Ice
#0216,Teddiursa,https://img.pokemondb.net/sprites/home/normal/2x/teddiursa.jpg,Normal
#0217,Ursaring,https://img.pokemondb.net/sprites/home/normal/2x/ursaring.jpg,Normal
#0218,Slugma,https://img.pokemondb.net/sprites/home/normal/2x/slugma.jpg,Fire
#0219,Magcargo,https://img.pokemondb.net/sprites/home/normal/2x/magcargo.jpg,Fire|Rock
#0220,Swinub,https://img.pokemondb.net/sprites/home/normal/2x/swinub.jpg,Ice|Ground
#0221,Piloswine,https://img.pokemondb.net/sprites/home/normal/2x/piloswine.jpg,Ice|Ground
#0222,Corsola,https://img.pokemondb.net/sprites/home/normal/2x/corsola.jpg,Water|Rock
#0223,Remoraid,https://img.pokemondb.net/sprites/home/normal/2x/remoraid.jpg,Water
#0224,Octillery,https://img.pokemondb.net/sprites/home/normal/2x/octillery.jpg,Water
#0225,Delibird,https://img.pokemondb.net/sprites/home/normal/2x/delibird.jpg,Ice|Flying
#0226,Mantine,https://img.pokemondb.net/sprites/home/normal/2x/mantine.jpg,Water|Flying
#0227,Skarmory,https://img.pokemondb.net/sprites/home/normal/2x/skarmory.jpg,Steel|Flying
#0228,Houndour,https://img.pokemondb.net/sprites/home/normal/2x/houndour.jpg,Dark|Fire
#0229,Houndoom,https://img.pokemondb.net/sprites/home/normal/2x/houndoom.jpg,Dark|Fire
#0230,Kingdra,https://img.pokemondb.net/sprites/home/normal/2x/kingdra.jpg,Water|Dragon
#0231,Phanpy,https://img.pokemondb.net/sprites/home/normal/2x/phanpy.jpg,Ground
#0232,Donphan,https://img.pokemondb.net/sprites/home/normal/2x/donphan.jpg,Ground
#0233,Porygon2,https://img.pokemondb.net/sprites/home/normal/2x/porygon2.jpg,Normal
#0234,Stantler,https://img.pokemondb.net/sprites/home/normal/2x/stantler.jpg,Normal
#0235,Smeargle,https://img.pokemondb.net/sprites/home/normal/2x/smeargle.jpg,Normal
#0236,Tyrogue,https://img.pokemondb.net/sprites/home/normal/2x/tyrogue.jpg,Fighting
#0237,Hitmontop,https://img.pokemondb.net/sprites/home/normal/2x/hitmontop.jpg,Fighting
#0238,Smoochum,https://img.pokemondb.net/sprites/home/normal/2x/smoochum.jpg,Ice|Psychic
#0239,Elekid,https://img.pokemondb.net/sprites/home/normal/2x/elekid.jpg,Electric
#0240,Magby,https://img.pokemondb.net/sprites/home/normal/2x/magby.jpg,Fire
#0241,Miltank,https://img.pokemondb.net/sprites/home/normal/2x/miltank.jpg,Normal
#0242,Blissey,https://img.pokemondb.net/sprites/home/normal/2x/blissey.jpg,Normal
#0243,Raikou,https://img.pokemondb.net/sprites/home/normal/2x/raikou.jpg,Electric
#0244,Entei,https://img.pokemondb.net/sprites/home/normal/2x/entei.jpg,Fire
#0245,Suicune,https://img.pokemondb.net/sprites/home/normal/2x/suicune.jpg,Water
#0246,Larvitar,https://img.pokemondb.net/sprites/home/normal/2x/larvitar.jpg,Rock|Ground
#0247,Pupitar,https://img.pokemondb.net/sprites/home/normal/2x/pupitar.jpg,Rock|Ground
#0248,Tyranitar,https://img.pokemondb.net/sprites/home/normal/2x/tyranitar.jpg,Rock|Dark
#0249,Lugia,https://img.pokemondb.net/sprites/home/normal/2x/lugia.jpg,Psychic|Flying
#0250,Ho-oh,https://img.pokemondb.net/sprites/home/normal/2x/ho-oh.jpg,Fire|Flying
#0251,Celebi,https://img.pokemondb.net/sprites/home/normal/2x/celebi.jpg,Psychic|Grass
#0252,Treecko,https://img.pokemondb.net/sprites/home/normal/2x/treecko.jpg,Grass
#0253,Grovyle,https://img.pokemondb.net/sprites/home/normal/2x/grovyle.jpg,Grass
#0254,Sceptile,https://img.pokemondb.net/sprites/home/normal/2x/sceptile.jpg,Grass
#0255,Torchic,https://img.pokemondb.net/sprites/home/normal/2x/torchic.jpg,Fire
#0256,Combusken,https://img.pokemondb.net/sprites/home/normal/2x/combusken.jpg,Fire|Fighting
#0257,Blaziken,https://img.pokemondb.net/sprites/home/normal/2x/blaziken.jpg,Fire|Fighting
#0258,Mudkip,https://img.pokemondb.net/sprites/home/normal/2x/mudkip.jpg,Water
#0259,Marshtomp,https://img.pokemondb.net/sprites/home/normal/2x/marshtomp.jpg,Water|Ground
#0260,Swampert,https://img.pokemondb.net/sprites/home/normal/2x/swampert.jpg,Water|Ground
#0261,Poochyena,https://img.pokemondb.net/sprites/home/normal/2x/poochyena.jpg,Dark
#0262,Mightyena,https://img.pokemondb.net/sprites/home/normal/2x/mightyena.jpg,Dark
#0263,Zigzagoon,https://img.pokemondb.net/sprites/home/normal/2x/zigzagoon.jpg,Normal
#0264,Linoone,https://img.pokemondb.net/sprites/home/normal/2x/linoone.jpg,Normal
#0265,Wurmple,https://img.pokemondb.net/sprites/home/normal/2x/wurmple.jpg,Bug
#0266,Silcoon,https://img.pokemondb.net/sprites/home/normal/2x/silcoon.jpg,Bug
#0267,Beautifly,https://img.pokemondb.net/sprites/home/normal/2x/beautifly.jpg,Bug|Flying
#0268,Cascoon,https://img.pokemondb.net/sprites/home/normal/2x/cascoon.jpg,Bug
#0269,Dustox,https://img.pokemondb.net/sprites/home/normal/2x/dustox.jpg,Bug|Poison
#0270,Lotad,https://img.pokemondb.net/sprites/home/normal/2x/lotad.jpg,Water|Grass
#0271,Lombre,https://img.pokemondb.net/sprites/home/normal/2x/lombre.jpg,Water|Grass
#0272,Ludicolo,https://img.pokemondb.net/sprites/home/normal/2x/ludicolo.jpg,Water|Grass
#0273,Seedot,https://img.pokemondb.net/sprites/home/normal/2x/seedot.jpg,Grass
#0274,Nuzleaf,https://img.pokemondb.net/sprites/home/normal/2x/nuzleaf.jpg,Grass|Dark
#0275,Shiftry,https://img.pokemondb.net/sprites/home/normal/2x/shiftry.jpg,Grass|Dark
#0276,Taillow,https://img.pokemondb.net/sprites/home/normal/2x/taillow.jpg,Normal|Flying
#0277,Swellow,https://img.pokemondb.net/sprites/home/normal/2x/swellow.jpg,Normal|Flying
#0278,Wingull,https://img.pokemondb.net/sprites/home/normal/2x/wingull.jpg,Water|Flying
#0279,Pelipper,https://img.pokemondb.net/sprites/home/normal/2x/pelipper.jpg,Water|Flying
#0280,Ralts,https://img.pokemondb.net/sprites/home/normal/2x/ralts.jpg,Psychic|Fairy
#0281,Kirlia,https://img.pokemondb.net/sprites/home/normal/2x/kirlia.jpg,Psychic|Fairy
#0282,Gardevoir,https://img.pokemondb.net/sprites/home/normal/2x/gardevoir.jpg,Psychic|Fairy
#0283,Surskit,https://img.pokemondb.net/sprites/home/normal/2x/surskit.jpg,Bug|Water
#0284,Masquerain,https://img.pokemondb.net/sprites/home/normal/2x/masquerain.jpg,Bug|Flying
#0285,Shroomish,https://img.pokemondb.net/sprites/home/normal/2x/shroomish.jpg,Grass
#0286,Breloom,https://img.pokemondb.net/sprites/home/normal/2x/breloom.jpg,Grass|Fighting
#0287,Slakoth,https://img.pokemondb.net/sprites/home/normal/2x/slakoth.jpg,Normal
#0288,Vigoroth,https://img.pokemondb.net/sprites/home/normal/2x/vigoroth.jpg,Normal
#0289,Slaking,https://img.pokemondb.net/sprites/home/normal/2x/slaking.jpg,Normal
#0290,Nincada,https://img.pokemondb.net/sprites/home/normal/2x/nincada.jpg,Bug|Ground
#0291,Ninjask,https://img.pokemondb.net/sprites/home/normal/2x/ninjask.jpg,Bug|Flying
#0292,Shedinja,https://img.pokemondb.net/sprites/home/normal/2x/shedinja.jpg,Bug|Ghost
#0293,Whismur,https://img.pokemondb.net/sprites/home/normal/2x/whismur.jpg,Normal
#0294,Loudred,https://img.pokemondb.net/sprites/home/normal/2x/loudred.jpg,Normal
#0295,Exploud,https://img.pokemondb.net/sprites/home/normal/2x/exploud.jpg,Normal
#0296,Makuhita,https://img.pokemondb.net/sprites/home/normal/2x/makuhita.jpg,Fighting
#0297,Hariyama,https://img.pokemondb.net/sprites/home/normal/2x/hariyama.jpg,Fighting
#0298,Azurill,https://img.pokemondb.net/sprites/home/normal/2x/azurill.jpg,Normal|Fairy
#0299,Nosepass,https://img.pokemondb.net/sprites/home/normal/2x/nosepass.jpg,Rock
#0300,Skitty,https://img.pokemondb.net/sprites/home/normal/2x/skitty.jpg,Normal
#0301,Delcatty,https://img.pokemondb.net/sprites/home/normal/2x/delcatty.jpg,Normal
#0302,Sableye,https://img.pokemondb.net/sprites/home/normal/2x/sableye.jpg,Dark|Ghost
#0303,Mawile,https://img.pokemondb.net/sprites/home/normal/2x/mawile.jpg,Steel|Fairy
#0304,Aron,https://img.pokemondb.net/sprites/home/normal/2x/aron.jpg,Steel|Rock
#0305,Lairon,https://img.pokemondb.net/sprites/home/normal/2x/lairon.jpg,Steel|Rock
#0306,Aggron,https://img.pokemondb.net/sprites/home/normal/2x/aggron.jpg,Steel|Rock
#0307,Meditite,https://img.pokemondb.net/sprites/home/normal/2x/meditite.jpg,Fighting|Psychic
#0308,Medicham,https://img.pokemondb.net/sprites/home/normal/2x/medicham.jpg,Fighting|Psychic
#0309,Electrike,https://img.pokemondb.net/sprites/home/normal/2x/electrike.jpg,Electric
#0310,Manectric,https://img.pokemondb.net/sprites/home/normal/2x/manectric.jpg,Electric
#0311,Plusle,https://img.pokemondb.net/sprites/home/normal/2x/plusle.jpg,Electric
#0312,Minun,https://img.pokemondb.net/sprites/home/normal/2x/minun.jpg,Electric
#0313,Volbeat,https://img.pokemondb.net/sprites/home/normal/2x/volbeat.jpg,Bug
#0314,Illumise,https://img.pokemondb.net/sprites/home/normal/2x/illumise.jpg,Bug
#0315,Roselia,https://img.pokemondb.net/sprites/home/normal/2x/roselia.jpg,Grass|Poison
#0316,Gulpin,https://img.pokemondb.net/sprites/home/normal/2x/gulpin.jpg,Poison
#0317,Swalot,https://img.pokemondb.net/sprites/home/normal/2x/swalot.jpg,Poison
#0318,Carvanha,https://img.pokemondb.net/sprites/home/normal/2x/carvanha.jpg,Water|Dark
#0319,Sharpedo,https://img.pokemondb.net/sprites/home/normal/2x/sharpedo.jpg,Water|Dark
#0320,Wailmer,https://img.pokemondb.net/sprites/home/normal/2x/wailmer.jpg,Water
#0321,Wailord,https://img.pokemondb.net/sprites/home/normal/2x/wailord.jpg,Water
#0322,Numel,https://img.pokemondb.net/sprites/home/normal/2x/numel.jpg,Fire|Ground
#0323,Camerupt,https://img.pokemondb.net/sprites/home/normal/2x/camerupt.jpg,Fire|Ground
#0324,Torkoal,https://img.pokemondb.net/sprites/home/normal/2x/torkoal.jpg,Fire
#0325,Spoink,https://img.pokemondb.net/sprites/home/normal/2x/spoink.jpg,Psychic
#0326,Grumpig,https://img.pokemondb.net/sprites/home/normal/2x/grumpig.jpg,Psychic
#0327,Spinda,https://img.pokemondb.net/sprites/home/normal/2x/spinda.jpg,Normal
#0328,Trapinch,https://img.pokemondb.net/sprites/home/normal/2x/trapinch.jpg,Ground
#0329,Vibrava,https://img.pokemondb.net/sprites/home/normal/2x/vibrava.jpg,Ground|Dragon
#0330,Flygon,https://img.pokemondb.net/sprites/home/normal/2x/flygon.jpg,Ground|Dragon
#0331,Cacnea,https://img.pokemondb.net/sprites/home/normal/2x/cacnea.jpg,Grass
#0332,Cacturne,https://img.pokemondb.net/sprites/home/normal/2x/cacturne.jpg,Grass|Dark
#0333,Swablu,https://img.pokemondb.net/sprites/home/normal/2x/swablu.jpg,Normal|Flying
#0334,Altaria,https://img.pokemondb.net/sprites/home/normal/2x/altaria.jpg,Dragon|Flying
#0335,Zangoose,https://img.pokemondb.net/sprites/home/normal/2x/zangoose.jpg,Normal
#0336,Seviper,https://img.pokemondb.net/sprites/home/normal/2x/seviper.jpg,Poison
#0337,Lunatone,https://img.pokemondb.net/sprites/home/normal/2x/lunatone.jpg,Rock|Psychic
#0338,Solrock,https://img.pokemondb.net/sprites/home/normal/2x/solrock.jpg,Rock|Psychic
#0339,Barboach,https://img.pokemondb.net/sprites/home/normal/2x/barboach.jpg,Water|Ground
#0340,Whiscash,https://img.pokemondb.net/sprites/home/normal/2x/whiscash.jpg,Water|Ground
#0341,Corphish,https://img.pokemondb.net/sprites/home/normal/2x/corphish.jpg,Water
#0342,Crawdaunt,https://img.pokemondb.net/sprites/home/normal/2x/crawdaunt.jpg,Water|Dark
#0343,Baltoy,https://img.pokemondb.net/sprites/home/normal/2x/baltoy.jpg,Ground|Psychic
#0344,Claydol,https://img.pokemondb.net/sprites/home/normal/2x/claydol.jpg,Ground|Psychic
#0345,Lileep,https://img.pokemondb.net/sprites/home/normal/2x/lileep.jpg,Rock|Grass
#0346,Cradily,https://img.pokemondb.net/sprites/home/normal/2x/cradily.jpg,Rock|Grass
#0347,Anorith,https://img.pokemondb.net/sprites/home/normal/2x/anorith.jpg,Rock|Bug
#0348,Armaldo,https://img.pokemondb.net/sprites/home/normal/2x/armaldo.jpg,Rock|Bug
#0349,Feebas,https://img.pokemondb.net/sprites/home/normal/2x/feebas.jpg,Water
#0350,Milotic,https://img.pokemondb.net/sprites/home/normal/2x/milotic.jpg,Water
#0351,Castform,https://img.pokemondb.net/sprites/home/normal/2x/castform.jpg,Normal
#0352,Kecleon,https://img.pokemondb.net/sprites/home/normal/2x/kecleon.jpg,Normal
#0353,Shuppet,https://img.pokemondb.net/sprites/home/normal/2x/shuppet.jpg,Ghost
#0354,Banette,https://img.pokemondb.net/sprites/home/normal/2x/banette.jpg,Ghost
#0355,Duskull,https://img.pokemondb.net/sprites/home/normal/2x/duskull.jpg,Ghost
#0356,Dusclops,https://img.pokemondb.net/sprites/home/normal/2x/dusclops.jpg,Ghost
#0357,Tropius,https://img.pokemondb.net/sprites/home/normal/2x/tropius.jpg,Grass|Flying
#0358,Chimecho,https://img.pokemondb.net/sprites/home/normal/2x/chimecho.jpg,Psychic
#0359,Absol,https://img.pokemondb.net/sprites/home/normal/2x/absol.jpg,Dark
#0360,Wynaut,https://img.pokemondb.net/sprites/home/normal/2x/wynaut.jpg,Psychic
#0361,Snorunt,https://img.pokemondb.net/sprites/home/normal/2x/snorunt.jpg,Ice
#0362,Glalie,https://img.pokemondb.net/sprites/home/normal/2x/glalie.jpg,Ice
#0363,Spheal,https://img.pokemondb.net/sprites/home/normal/2x/spheal.jpg,Ice|Water
#0364,Sealeo,https://img.pokemondb.net/sprites/home/normal/2x/sealeo.jpg,Ice|Water
#0365,Walrein,https://img.pokemondb.net/sprites/home/normal/2x/walrein.jpg,Ice|Water
#0366,Clamperl,https://img.pokemondb.net/sprites/home/normal/2x/clamperl.jpg,Water
#0367,Huntail,https://img.pokemondb.net/sprites/home/normal/2x/huntail.jpg,Water
#0368,Gorebyss,https://img.pokemondb.net/sprites/home/normal/2x/gorebyss.jpg,Water
#0369,Relicanth,https://img.pokemondb.net/sprites/home/normal/2x/relicanth.jpg,Water|Rock
#0370,Luvdisc,https://img.pokemondb.net/sprites/home/normal/2x/luvdisc.jpg,Water
#0371,Bagon,https://img.pokemondb.net/sprites/home/normal/2x/bagon.jpg,Dragon
#0372,Shelgon,https://img.pokemondb.net/sprites/home/normal/2x/shelgon.jpg,Dragon
#0373,Salamence,https://img.pokemondb.net/sprites/home/normal/2x/salamence.jpg,Dragon|Flying
#0374,Beldum,https://img.pokemondb.net/sprites/home/normal/2x/beldum.jpg,Steel|Psychic
#0375,Metang,https://img.pokemondb.net/sprites/home/normal/2x/metang.jpg,Steel|Psychic
#0376,Metagross,https://img.pokemondb.net/sprites/home/normal/2x/metagross.jpg,Steel|Psychic
#0377,Regirock,https://img.pokemondb.net/sprites/home/normal/2x/regirock.jpg,Rock
#0378,Regice,https://img.pokemondb.net/sprites/home/normal/2x/regice.jpg,Ice
#0379,Registeel,https://img.pokemondb.net/sprites/home/normal/2x/registeel.jpg,Steel
#0380,Latias,https://img.pokemondb.net/sprites/home/normal/2x/latias.jpg,Dragon|Psychic
#0381,Latios,https://img.pokemondb.net/sprites/home/normal/2x/latios.jpg,Dragon|Psychic
#0382,Kyogre,https://img.pokemondb.net/sprites/home/normal/2x/kyogre.jpg,Water
#0383,Groudon,https://img.pokemondb.net/sprites/home/normal/2x/groudon.jpg,Ground
#0384,Rayquaza,https://img.pokemondb.net/sprites/home/normal/2x/rayquaza.jpg,Dragon|Flying
#0385,Jirachi,https://img.pokemondb.net/sprites/home/normal/2x/jirachi.jpg,Steel|Psychic
#0386,Deoxys,https://img.pokemondb.net/sprites/home/normal/2x/deoxys.jpg,Psychic
#0387,Turtwig,https://img.pokemondb.net/sprites/home/normal/2x/turtwig.jpg,Grass
#0388,Grotle,https://img.pokemondb.net/sprites/home/normal/2x/grotle.jpg,Grass
#0389,Torterra,https://img.pokemondb.net/sprites/home/normal/2x/torterra.jpg,Grass|Ground
#0390,Chimchar,https://img.pokemondb.net/sprites/home/normal/2x/chimchar.jpg,Fire
#0391,Monferno,https://img.pokemondb.net/sprites/home/normal/2x/monferno.jpg,Fire|Fighting
#0392,Infernape,https://img.pokemondb.net/sprites/home/normal/2x/infernape.jpg,Fire|Fighting
#0393,Piplup,https://img.pokemondb.net/sprites/home/normal/2x/piplup.jpg,Water
#0394,Prinplup,https://img.pokemondb.net/sprites/home/normal/2x/prinplup.jpg,Water
#0395,Empoleon,https://img.pokemondb.net/sprites/home/normal/2x/empoleon.jpg,Water|Steel
#0396,Starly,https://img.pokemondb.net/sprites/home/normal/2x/starly.jpg,Normal|Flying
#0397,Staravia,https://img.pokemondb.net/sprites/home/normal/2x/staravia.jpg,Normal|Flying
#0398,Staraptor,https://img.pokemondb.net/sprites/home/normal/2x/staraptor.jpg,Normal|Flying
#0399,Bidoof,https://img.pokemondb.net/sprites/home/normal/2x/bidoof.jpg,Normal
#0400,Bibarel,https://img.pokemondb.net/sprites/home/normal/2x/bibarel.jpg,Normal|Water
#0401,Kricketot,https://img.pokemondb.net/sprites/home/normal/2x/kricketot.jpg,Bug
#0402,Kricketune,https://img.pokemondb.net/sprites/home/normal/2x/kricketune.jpg,Bug
#0403,Shinx,https://img.pokemondb.net/sprites/home/normal/2x/shinx.jpg,Electric
#0404,Luxio,https://img.pokemondb.net/sprites/home/normal/2x/luxio.jpg,Electric
#0405,Luxray,https://img.pokemondb.net/sprites/home/normal/2x/luxray.jpg,Electric
#0406,Budew,https://img.pokemondb.net/sprites/home/normal/2x/budew.jpg,Grass|Poison
#0407,Roserade,https://img.pokemondb.net/sprites/home/normal/2x/roserade.jpg,Grass|Poison
#0408,Cranidos,https://img.pokemondb.net/sprites/home/normal/2x/cranidos.jpg,Rock
#0409,Rampardos,https://img.pokemondb.net/sprites/home/normal/2x/rampardos.jpg,Rock
#0410,Shieldon,https://img.pokemondb.net/sprites/home/normal/2x/shieldon.jpg,Rock|Steel
#0411,Bastiodon,https://img.pokemondb.net/sprites/home/normal/2x/bastiodon.jpg,Rock|Steel
#0412,Burmy,https://img.pokemondb.net/sprites/home/normal/2x/burmy.jpg,Bug
#0413,Wormadam,https://img.pokemondb.net/sprites/home/normal/2x/wormadam.jpg,Bug|Grass
#0414,Mothim,https://img.pokemondb.net/sprites/home/normal/2x/mothim.jpg,Bug|Flying
#0415,Combee,https://img.pokemondb.net/sprites/home/normal/2x/combee.jpg,Bug|Flying
#0416,Vespiquen,https://img.pokemondb.net/sprites/home/normal/2x/vespiquen.jpg,Bug|Flying
#0417,Pachirisu,https://img.pokemondb.net/sprites/home/normal/2x/pachirisu.jpg,Electric
#0418,Buizel,https://img.pokemondb.net/sprites/home/normal/2x/buizel.jpg,Water
#0419,Floatzel,https://img.pokemondb.net/sprites/home/normal/2x/floatzel.jpg,Water
#0420,Cherubi,https://img.pokemondb.net/sprites/home/normal/2x/cherubi.jpg,Grass
#0421,Cherrim,https://img.pokemondb.net/sprites/home/normal/2x/cherrim.jpg,Grass
#0422,Shellos,https://img.pokemondb.net/sprites/home/normal/2x/shellos.jpg,Water
#0423,Gastrodon,https://img.pokemondb.net/sprites/home/normal/2x/gastrodon.jpg,Water|Ground
#0424,Ambipom,https://img.pokemondb.net/sprites/home/normal/2x/ambipom.jpg,Normal
#0425,Drifloon,https://img.pokemondb.net/sprites/home/normal/2x/drifloon.jpg,Ghost|Flying
#0426,Drifblim,https://img.pokemondb.net/sprites/home/normal/2x/drifblim.jpg,Ghost|Flying
#0427,Buneary,https://img.pokemondb.net/sprites/home/normal/2x/buneary.jpg,Normal
#0428,Lopunny,https://img.pokemondb.net/sprites/home/normal/2x/lopunny.jpg,Normal
#0429,Mismagius,https://img.pokemondb.net/sprites/home/normal/2x/mismagius.jpg,Ghost
#0430,Honchkrow,https://img.pokemondb.net/sprites/home/normal/2x/honchkrow.jpg,Dark|Flying
#0431,Glameow,https://img.pokemondb.net/sprites/home/normal/2x/glameow.jpg,Normal
#0432,Purugly,https://img.pokemondb.net/sprites/home/normal/2x/purugly.jpg,Normal
#0433,Chingling,https://img.pokemondb.net/sprites/home/normal/2x/chingling.jpg,Psychic
#0434,Stunky,https://img.pokemondb.net/sprites/home/normal/2x/stunky.jpg,Poison|Dark
#0435,Skuntank,https://img.pokemondb.net/sprites/home/normal/2x/skuntank.jpg,Poison|Dark
#0436,Bronzor,https://img.pokemondb.net/sprites/home/normal/2x/bronzor.jpg,Steel|Psychic
#0437,Bronzong,https://img.pokemondb.net/sprites/home/normal/2x/bronzong.jpg,Steel|Psychic
#0438,Bonsly,https://img.pokemondb.net/sprites/home/normal/2x/bonsly.jpg,Rock
#0439,Mime Jr.,https://img.pokemondb.net/sprites/home/normal/2x/mime-jr.jpg,Psychic|Fairy
#0440,Happiny,https://img.pokemondb.net/sprites/home/normal/2x/happiny.jpg,Normal
#0441,Chatot,https://img.pokemondb.net/sprites/home/normal/2x/chatot.jpg,Normal|Flying
#0442,Spiritomb,https://img.pokemondb.net/sprites/home/normal/2x/spiritomb.jpg,Ghost|Dark
#0443,Gible,https://img.pokemondb.net/sprites/home/normal/2x/gible.jpg,Dragon|Ground
#0444,Gabite,https://img.pokemondb.net/sprites/home/normal/2x/gabite.jpg,Dragon|Ground
#0445,Garchomp,https://img.pokemondb.net/sprites/home/normal/2x/garchomp.jpg,Dragon|Ground
#0446,Munchlax,https://img.pokemondb.net/sprites/home/normal/2x/munchlax.jpg,Normal
#0447,Riolu,https://img.pokemondb.net/sprites/home/normal/2x/riolu.jpg,Fighting
#0448,Lucario,https://img.pokemondb.net/sprites/home/normal/2x/lucario.jpg,Fighting|Steel
#0449,Hippopotas,https://img.pokemondb.net/sprites/home/normal/2x/hippopotas.jpg,Ground
#0450,Hippowdon,https://img.pokemondb.net/sprites/home/normal/2x/hippowdon.jpg,Ground
#0451,Skorupi,https://img.pokemondb.net/sprites/home/normal/2x/skorupi.jpg,Poison|Bug
#0452,Drapion,https://img.pokemondb.net/sprites/home/normal/2x/drapion.jpg,Poison|Dark
#0453,Croagunk,https://img.pokemondb.net/sprites/home/normal/2x/croagunk.jpg,Poison|Fighting
#0454,Toxicroak,https://img.pokemondb.net/sprites/home/normal/2x/toxicroak.jpg,Poison|Fighting
#0455,Carnivine,https://img.pokemondb.net/sprites/home/normal/2x/carnivine.jpg,Grass
#0456,Finneon,https://img.pokemondb.net/sprites/home/normal/2x/finneon.jpg,Water
#0457,Lumineon,https://img.pokemondb.net/sprites/home/normal/2x/lumineon.jpg,Water
#0458,Mantyke,https://img.pokemondb.net/sprites/home/normal/2x/mantyke.jpg,Water|Flying
#0459,Snover,https://img.pokemondb.net/sprites/home/normal/2x/snover.jpg,Grass|Ice
#0460,Abomasnow,https://img.pokemondb.net/sprites/home/normal/2x/abomasnow.jpg,Grass|Ice
#0461,Weavile,https://img.pokemondb.net/sprites/home/normal/2x/weavile.jpg,Dark|Ice
#0462,Magnezone,https://img.pokemondb.net/sprites/home/normal/2x/magnezone.jpg,Electric|Steel
#0463,Lickilicky,https://img.pokemondb.net/sprites/home/normal/2x/lickilicky.jpg,Normal
#0464,Rhyperior,https://img.pokemondb.net/sprites/home/normal/2x/rhyperior.jpg,Ground|Rock
#0465,Tangrowth,https://img.pokemondb.net/sprites/home/normal/2x/tangrowth.jpg,Grass
#0466,Electivire,https://img.pokemondb.net/sprites/home/normal/2x/electivire.jpg,Electric
#0467,Magmortar,https://img.pokemondb.net/sprites/home/normal/2x/magmortar.jpg,Fire
#0468,Togekiss,https://img.pokemondb.net/sprites/home/normal/2x/togekiss.jpg,Fairy|Flying
#0469,Yanmega,https://img.pokemondb.net/sprites/home/normal/2x/yanmega.jpg,Bug|Flying
#0470,Leafeon,https://img.pokemondb.net/sprites/home/normal/2x/leafeon.jpg,Grass
#0471,Glaceon,https://img.pokemondb.net/sprites/home/normal/2x/glaceon.jpg,Ice
#0472,Gliscor,https://img.pokemondb.net/sprites/home/normal/2x/gliscor.jpg,Ground|Flying
#0473,Mamoswine,https://img.pokemondb.net/sprites/home/normal/2x/mamoswine.jpg,Ice|Ground
#0474,Porygon-Z,https://img.pokemondb.net/sprites/home/normal/2x/porygon-z.jpg,Normal
#0475,Gallade,https://img.pokemondb.net/sprites/home/normal/2x/gallade.jpg,Psychic|Fighting
#0476,Probopass,https://img.pokemondb.net/sprites/home/normal/2x/probopass.jpg,Rock|Steel
#0477,Dusknoir,https://img.pokemondb.net/sprites/home/normal/2x/dusknoir.jpg,Ghost
#0478,Froslass,https://img.pokemondb.net/sprites/home/normal/2x/froslass.jpg,Ice|Ghost
#0479,Rotom,https://img.pokemondb.net/sprites/home/normal/2x/rotom.jpg,Electric|Ghost
#0480,Uxie,https://img.pokemondb.net/sprites/home/normal/2x/uxie.jpg,Psychic
#0481,Mesprit,https://img.pokemondb.net/sprites/home/normal/2x/mesprit.jpg,Psychic
#0482,Azelf,https://img.pokemondb.net/sprites/home/normal/2x/azelf.jpg,Psychic
#0483,Dialga,https://img.pokemondb.net/sprites/home/normal/2x/dialga.jpg,Steel|Dragon
#0484,Palkia,https://img.pokemondb.net/sprites/home/normal/2x/palkia.jpg,Water|Dragon
#0485,Heatran,https://img.pokemondb.net/sprites/home/normal/2x/heatran.jpg,Fire|Steel
#0486,Regigigas,https://img.pokemondb.net/sprites/home/normal/2x/regigigas.jpg,Normal
#0487,Giratina,https://img.pokemondb.net/sprites/home/normal/2x/giratina.jpg,Ghost|Dragon
#0488,Cresselia,https://img.pokemondb.net/sprites/home/normal/2x/cresselia.jpg,Psychic
#0489,Phione,https://img.pokemondb.net/sprites/home/normal/2x/phione.jpg,Water
#0490,Manaphy,https://img.pokemondb.net/sprites/home/normal/2x/manaphy.jpg,Water
#0491,Darkrai,https://img.pokemondb.net/sprites/home/normal/2x/darkrai.jpg,Dark
#0492,Shaymin,https://img.pokemondb.net/sprites/home/normal/2x/shaymin.jpg,Grass
#0493,Arceus,https://img.pokemondb.net/sprites/home/normal/2x/arceus.jpg,Normal
#0494,Victini,https://img.pokemondb.net/sprites/home/normal/2x/victini.jpg,Psychic|Fire
#0495,Snivy,https://img.pokemondb.net/sprites/home/normal/2x/snivy.jpg,Grass
#0496,Servine,https://img.pokemondb.net/sprites/home/normal/2x/servine.jpg,Grass
#0497,Serperior,https://img.pokemondb.net/sprites/home/normal/2x/serperior.jpg,Grass
#0498,Tepig,https://img.pokemondb.net/sprites/home/normal/2x/tepig.jpg,Fire
#0499,Pignite,https://img.pokemondb.net/sprites/home/normal/2x/pignite.jpg,Fire|Fighting
#0500,Emboar,https://img.pokemondb.net/sprites/home/normal/2x/emboar.jpg,Fire|Fighting
#0501,Oshawott,https://img.pokemondb.net/sprites/home/normal/2x/oshawott.jpg,Water
#0502,Dewott,https://img.pokemondb.net/sprites/home/normal/2x/dewott.jpg,Water
#0503,Samurott,https://img.pokemondb.net/sprites/home/normal/2x/samurott.jpg,Water
#0504,Patrat,https://img.pokemondb.net/sprites/home/normal/2x/patrat.jpg,Normal
#0505,Watchog,https://img.pokemondb.net/sprites/home/normal/2x/watchog.jpg,Normal
#0506,Lillipup,https://img.pokemondb.net/sprites/home/normal/2x/lillipup.jpg,Normal
#0507,Herdier,https://img.pokemondb.net/sprites/home/normal/2x/herdier.jpg,Normal
#0508,Stoutland,https://img.pokemondb.net/sprites/home/normal/2x/stoutland.jpg,Normal
#0509,Purrloin,https://img.pokemondb.net/sprites/home/normal/2x/purrloin.jpg,Dark
#0510,Liepard,https://img.pokemondb.net/sprites/home/normal/2x/liepard.jpg,Dark
#0511,Pansage,https://img.pokemondb.net/sprites/home/normal/2x/pansage.jpg,Grass
#0512,Simisage,https://img.pokemondb.net/sprites/home/normal/2x/simisage.jpg,Grass
#0513,Pansear,https://img.pokemondb.net/sprites/home/normal/2x/pansear.jpg,Fire
#0514,Simisear,https://img.pokemondb.net/sprites/home/normal/2x/simisear.jpg,Fire
#0515,Panpour,https://img.pokemondb.net/sprites/home/normal/2x/panpour.jpg,Water
#0516,Simipour,https://img.pokemondb.net/sprites/home/normal/2x/simipour.jpg,Water
#0517,Munna,https://img.pokemondb.net/sprites/home/normal/2x/munna.jpg,Psychic
#0518,Musharna,https://img.pokemondb.net/sprites/home/normal/2x/musharna.jpg,Psychic
#0519,Pidove,https://img.pokemondb.net/sprites/home/normal/2x/pidove.jpg,Normal|Flying
#0520,Tranquill,https://img.pokemondb.net/sprites/home/normal/2x/tranquill.jpg,Normal|Flying
#0521,Unfezant,https://img.pokemondb.net/sprites/home/normal/2x/unfezant.jpg,Normal|Flying
#0522,Blitzle,https://img.pokemondb.net/sprites/home/normal/2x/blitzle.jpg,Electric
#0523,Zebstrika,https://img.pokemondb.net/sprites/home/normal/2x/zebstrika.jpg,Electric
#0524,Roggenrola,https://img.pokemondb.net/sprites/home/normal/2x/roggenrola.jpg,Rock
#0525,Boldore,https://img.pokemondb.net/sprites/home/normal/2x/boldore.jpg,Rock
#0526,Gigalith,https://img.pokemondb.net/sprites/home/normal/2x/gigalith.jpg,Rock
#0527,Woobat,https://img.pokemondb.net/sprites/home/normal/2x/woobat.jpg,Psychic|Flying
#0528,Swoobat,https://img.pokemondb.net/sprites/home/normal/2x/swoobat.jpg,Psychic|Flying
#0529,Drilbur,https://img.pokemondb.net/sprites/home/normal/2x/drilbur.jpg,Ground
#0530,Excadrill,https://img.pokemondb.net/sprites/home/normal/2x/excadrill.jpg,Ground|Steel
#0531,Audino,https://img.pokemondb.net/sprites/home/normal/2x/audino.jpg,Normal
#0532,Timburr,https://img.pokemondb.net/sprites/home/normal/2x/timburr.jpg,Fighting
#0533,Gurdurr,https://img.pokemondb.net/sprites/home/normal/2x/gurdurr.jpg,Fighting
#0534,Conkeldurr,https://img.pokemondb.net/sprites/home/normal/2x/conkeldurr.jpg,Fighting
#0535,Tympole,https://img.pokemondb.net/sprites/home/normal/2x/tympole.jpg,Water
#0536,Palpitoad,https://img.pokemondb.net/sprites/home/normal/2x/palpitoad.jpg,Water|Ground
#0537,Seismitoad,https://img.pokemondb.net/sprites/home/normal/2x/seismitoad.jpg,Water|Ground
#0538,Throh,https://img.pokemondb.net/sprites/home/normal/2x/throh.jpg,Fighting
#0539,Sawk,https://img.pokemondb.net/sprites/home/normal/2x/sawk.jpg,Fighting
#0540,Sewaddle,https://img.pokemondb.net/sprites/home/normal/2x/sewaddle.jpg,Bug|Grass
#0541,Swadloon,https://img.pokemondb.net/sprites/home/normal/2x/swadloon.jpg,Bug|Grass
#0542,Leavanny,https://img.pokemondb.net/sprites/home/normal/2x/leavanny.jpg,Bug|Grass
#0543,Venipede,https://img.pokemondb.net/sprites/home/normal/2x/venipede.jpg,Bug|Poison
#0544,Whirlipede,https://img.pokemondb.net/sprites/home/normal/2x/whirlipede.jpg,Bug|Poison
#0545,Scolipede,https://img.pokemondb.net/sprites/home/normal/2x/scolipede.jpg,Bug|Poison
#0546,Cottonee,https://img.pokemondb.net/sprites/home/normal/2x/cottonee.jpg,Grass|Fairy
#0547,Whimsicott,https://img.pokemondb.net/sprites/home/normal/2x/whimsicott.jpg,Grass|Fairy
#0548,Petilil,https://img.pokemondb.net/sprites/home/normal/2x/petilil.jpg,Grass
#0549,Lilligant,https://img.pokemondb.net/sprites/home/normal/2x/lilligant.jpg,Grass
#0550,Basculin,https://img.pokemondb.net/sprites/home/normal/2x/basculin.jpg,Water
#0551,Sandile,https://img.pokemondb.net/sprites/home/normal/2x/sandile.jpg,Ground|Dark
#0552,Krokorok,https://img.pokemondb.net/sprites/home/normal/2x/krokorok.jpg,Ground|Dark
#0553,Krookodile,https://img.pokemondb.net/sprites/home/normal/2x/krookodile.jpg,Ground|Dark
#0554,Darumaka,https://img.pokemondb.net/sprites/home/normal/2x/darumaka.jpg,Fire
#0555,Darmanitan,https://img.pokemondb.net/sprites/home/normal/2x/darmanitan.jpg,Fire
#0556,Maractus,https://img.pokemondb.net/sprites/home/normal/2x/maractus.jpg,Grass
#0557,Dwebble,https://img.pokemondb.net/sprites/home/normal/2x/dwebble.jpg,Bug|Rock
#0558,Crustle,https://img.pokemondb.net/sprites/home/normal/2x/crustle.jpg,Bug|Rock
#0559,Scraggy,https://img.pokemondb.net/sprites/home/normal/2x/scraggy.jpg,Dark|Fighting
#0560,Scrafty,https://img.pokemondb.net/sprites/home/normal/2x/scrafty.jpg,Dark|Fighting
#0561,Sigilyph,https://img.pokemondb.net/sprites/home/normal/2x/sigilyph.jpg,Psychic|Flying
#0562,Yamask,https://img.pokemondb.net/sprites/home/normal/2x/yamask.jpg,Ghost
#0563,Cofagrigus,https://img.pokemondb.net/sprites/home/normal/2x/cofagrigus.jpg,Ghost
#0564,Tirtouga,https://img.pokemondb.net/sprites/home/normal/2x/tirtouga.jpg,Water|Rock
#0565,Carracosta,https://img.pokemondb.net/sprites/home/normal/2x/carracosta.jpg,Water|Rock
#0566,Archen,https://img.pokemondb.net/sprites/home/normal/2x/archen.jpg,Rock|Flying
#0567,Archeops,https://img.pokemondb.net/sprites/home/normal/2x/archeops.jpg,Rock|Flying
#0568,Trubbish,https://img.pokemondb.net/sprites/home/normal/2x/trubbish.jpg,Poison
#0569,Garbodor,https://img.pokemondb.net/sprites/home/normal/2x/garbodor.jpg,Poison
#0570,Zorua,https://img.pokemondb.net/sprites/home/normal/2x/zorua.jpg,Dark
#0571,Zoroark,https://img.pokemondb.net/sprites/home/normal/2x/zoroark.jpg,Dark
#0572,Minccino,https://img.pokemondb.net/sprites/home/normal/2x/minccino.jpg,Normal
#0573,Cinccino,https://img.pokemondb.net/sprites/home/normal/2x/cinccino.jpg,Normal
#0574,Gothita,https://img.pokemondb.net/sprites/home/normal/2x/gothita.jpg,Psychic
#0575,Gothorita,https://img.pokemondb.net/sprites/home/normal/2x/gothorita.jpg,Psychic
#0576,Gothitelle,https://img.pokemondb.net/sprites/home/normal/2x/gothitelle.jpg,Psychic
#0577,Solosis,https://img.pokemondb.net/sprites/home/normal/2x/solosis.jpg,Psychic
#0578,Duosion,https://img.pokemondb.net/sprites/home/normal/2x/duosion.jpg,Psychic
#0579,Reuniclus,https://img.pokemondb.net/sprites/home/normal/2x/reuniclus.jpg,Psychic
#0580,Ducklett,https://img.pokemondb.net/sprites/home/normal/2x/ducklett.jpg,Water|Flying
#0581,Swanna,https://img.pokemondb.net/sprites/home/normal/2x/swanna.jpg,Water|Flying
#0582,Vanillite,https://img.pokemondb.net/sprites/home/normal/2x/vanillite.jpg,Ice
#0583,Vanillish,https://img.pokemondb.net/sprites/home/normal/2x/vanillish.jpg,Ice
#0584,Vanilluxe,https://img.pokemondb.net/sprites/home/normal/2x/vanilluxe.jpg,Ice
#0585,Deerling,https://img.pokemondb.net/sprites/home/normal/2x/deerling.jpg,Normal|Grass
#0586,Sawsbuck,https://img.pokemondb.net/sprites/home/normal/2x/sawsbuck.jpg,Normal|Grass
#0587,Emolga,https://img.pokemondb.net/sprites/home/normal/2x/emolga.jpg,Electric|Flying
#0588,Karrablast,https://img.pokemondb.net/sprites/home/normal/2x/karrablast.jpg,Bug
#0589,Escavalier,https://img.pokemondb.net/sprites/home/normal/2x/escavalier.jpg,Bug|Steel
#0590,Foongus,https://img.pokemondb.net/sprites/home/normal/2x/foongus.jpg,Grass|Poison
#0591,Amoonguss,https://img.pokemondb.net/sprites/home/normal/2x/amoonguss.jpg,Grass|Poison
#0592,Frillish,https://img.pokemondb.net/sprites/home/normal/2x/frillish.jpg,Water|Ghost
#0593,Jellicent,https://img.pokemondb.net/sprites/home/normal/2x/jellicent.jpg,Water|Ghost
#0594,Alomomola,https://img.pokemondb.net/sprites/home/normal/2x/alomomola.jpg,Water
#0595,Joltik,https://img.pokemondb.net/sprites/home/normal/2x/joltik.jpg,Bug|Electric
#0596,Galvantula,https://img.pokemondb.net/sprites/home/normal/2x/galvantula.jpg,Bug|Electric
#0597,Ferroseed,https://img.pokemondb.net/sprites/home/normal/2x/ferroseed.jpg,Grass|Steel
#0598,Ferrothorn,https://img.pokemondb.net/sprites/home/normal/2x/ferrothorn.jpg,Grass|Steel
#0599,Klink,https://img.pokemondb.net/sprites/home/normal/2x/klink.jpg,Steel
#0600,Klang,https://img.pokemondb.net/sprites/home/normal/2x/klang.jpg,Steel
#0601,Klinklang,https://img.pokemondb.net/sprites/home/normal/2x/klinklang.jpg,Steel
#0602,Tynamo,https://img.pokemondb.net/sprites/home/normal/2x/tynamo.jpg,Electric
#0603,Eelektrik,https://img.pokemondb.net/sprites/home/normal/2x/eelektrik.jpg,Electric
#0604,Eelektross,https://img.pokemondb.net/sprites/home/normal/2x/eelektross.jpg,Electric
#0605,Elgyem,https://img.pokemondb.net/sprites/home/normal/2x/elgyem.jpg,Psychic
#0606,Beheeyem,https://img.pokemondb.net/sprites/home/normal/2x/beheeyem.jpg,Psychic
#0607,Litwick,https://img.pokemondb.net/sprites/home/normal/2x/litwick.jpg,Ghost|Fire
#0608,Lampent,https://img.pokemondb.net/sprites/home/normal/2x/lampent.jpg,Ghost|Fire
#0609,Chandelure,https://img.pokemondb.net/sprites/home/normal/2x/chandelure.jpg,Ghost|Fire
#0610,Axew,https://img.pokemondb.net/sprites/home/normal/2x/axew.jpg,Dragon
#0611,Fraxure,https://img.pokemondb.net/sprites/home/normal/2x/fraxure.jpg,Dragon
#0612,Haxorus,https://img.pokemondb.net/sprites/home/normal/2x/haxorus.jpg,Dragon
#0613,Cubchoo,https://img.pokemondb.net/sprites/home/normal/2x/cubchoo.jpg,Ice
#0614,Beartic,https://img.pokemondb.net/sprites/home/normal/2x/beartic.jpg,Ice
#0615,Cryogonal,https://img.pokemondb.net/sprites/home/normal/2x/cryogonal.jpg,Ice
#0616,Shelmet,https://img.pokemondb.net/sprites/home/normal/2x/shelmet.jpg,Bug
#0617,Accelgor,https://img.pokemondb.net/sprites/home/normal/2x/accelgor.jpg,Bug
#0618,Stunfisk,https://img.pokemondb.net/sprites/home/normal/2x/stunfisk.jpg,Ground|Electric
#0619,Mienfoo,https://img.pokemondb.net/sprites/home/normal/2x/mienfoo.jpg,Fighting
#0620,Mienshao,https://img.pokemondb.net/sprites/home/normal/2x/mienshao.jpg,Fighting
#0621,Druddigon,https://img.pokemondb.net/sprites/home/normal/2x/druddigon.jpg,Dragon
#0622,Golett,https://img.pokemondb.net/sprites/home/normal/2x/golett.jpg,Ground|Ghost
#0623,Golurk,https://img.pokemondb.net/sprites/home/normal/2x/golurk.jpg,Ground|Ghost
#0624,Pawniard,https://img.pokemondb.net/sprites/home/normal/2x/pawniard.jpg,Dark|Steel
#0625,Bisharp,https://img.pokemondb.net/sprites/home/normal/2x/bisharp.jpg,Dark|Steel
#0626,Bouffalant,https://img.pokemondb.net/sprites/home/normal/2x/bouffalant.jpg,Normal
#0627,Rufflet,https://img.pokemondb.net/sprites/home/normal/2x/rufflet.jpg,Normal|Flying
#0628,Braviary,https://img.pokemondb.net/sprites/home/normal/2x/braviary.jpg,Normal|Flying
#0629,Vullaby,https://img.pokemondb.net/sprites/home/normal/2x/vullaby.jpg,Dark|Flying
#0630,Mandibuzz,https://img.pokemondb.net/sprites/home/normal/2x/mandibuzz.jpg,Dark|Flying
#0631,Heatmor,https://img.pokemondb.net/sprites/home/normal/2x/heatmor.jpg,Fire
#0632,Durant,https://img.pokemondb.net/sprites/home/normal/2x/durant.jpg,Bug|Steel
#0633,Deino,https://img.pokemondb.net/sprites/home/normal/2x/deino.jpg,Dark|Dragon
#0634,Zweilous,https://img.pokemondb.net/sprites/home/normal/2x/zweilous.jpg,Dark|Dragon
#0635,Hydreigon,https://img.pokemondb.net/sprites/home/normal/2x/hydreigon.jpg,Dark|Dragon
#0636,Larvesta,https://img.pokemondb.net/sprites/home/normal/2x/larvesta.jpg,Bug|Fire
#0637,Volcarona,https://img.pokemondb.net/sprites/home/normal/2x/volcarona.jpg,Bug|Fire
#0638,Cobalion,https://img.pokemondb.net/sprites/home/normal/2x/cobalion.jpg,Steel|Fighting
#0639,Terrakion,https://img.pokemondb.net/sprites/home/normal/2x/terrakion.jpg,Rock|Fighting
#0640,Virizion,https://img.pokemondb.net/sprites/home/normal/2x/virizion.jpg,Grass|Fighting
#0641,Tornadus,https://img.pokemondb.net/sprites/home/normal/2x/tornadus.jpg,Flying
#0642,Thundurus,https://img.pokemondb.net/sprites/home/normal/2x/thundurus.jpg,Electric|Flying
#0643,Reshiram,https://img.pokemondb.net/sprites/home/normal/2x/reshiram.jpg,Dragon|Fire
#0644,Zekrom,https://img.pokemondb.net/sprites/home/normal/2x/zekrom.jpg,Dragon|Electric
#0645,Landorus,https://img.pokemondb.net/sprites/home/normal/2x/landorus.jpg,Ground|Flying
#0646,Kyurem,https://img.pokemondb.net/sprites/home/normal/2x/kyurem.jpg,Dragon|Ice
#0647,Keldeo,https://img.pokemondb.net/sprites/home/normal/2x/keldeo.jpg,Water|Fighting
#0648,Meloetta,https://img.pokemondb.net/sprites/home/normal/2x/meloetta.jpg,Normal|Psychic
#0649,Genesect,https://img.pokemondb.net/sprites/home/normal/2x/genesect.jpg,Bug|Steel
#0650,Chespin,https://img.pokemondb.net/sprites/home/normal/2x/chespin.jpg,Grass
#0651,Quilladin,https://img.pokemondb.net/sprites/home/normal/2x/quilladin.jpg,Grass
#0652,Chesnaught,https://img.pokemondb.net/sprites/home/normal/2x/chesnaught.jpg,Grass|Fighting
#0653,Fennekin,https://img.pokemondb.net/sprites/home/normal/2x/fennekin.jpg,Fire
#0654,Braixen,https://img.pokemondb.net/sprites/home/normal/2x/braixen.jpg,Fire
#0655,Delphox,https://img.pokemondb.net/sprites/home/normal/2x/delphox.jpg,Fire|Psychic
#0656,Froakie,https://img.pokemondb.net/sprites/home/normal/2x/froakie.jpg,Water
#0657,Frogadier,https://img.pokemondb.net/sprites/home/normal/2x/frogadier.jpg,Water
#0658,Greninja,https://img.pokemondb.net/sprites/home/normal/2x/greninja.jpg,Water|Dark
#0659,Bunnelby,https://img.pokemondb.net/sprites/home/normal/2x/bunnelby.jpg,Normal
#0660,Diggersby,https://img.pokemondb.net/sprites/home/normal/2x/diggersby.jpg,Normal|Ground
#0661,Fletchling,https://img.pokemondb.net/sprites/home/normal/2x/fletchling.jpg,Normal|Flying
#0662,Fletchinder,https://img.pokemondb.net/sprites/home/normal/2x/fletchinder.jpg,Fire|Flying
#0663,Talonflame,https://img.pokemondb.net/sprites/home/normal/2x/talonflame.jpg,Fire|Flying
#0664,Scatterbug,https://img.pokemondb.net/sprites/home/normal/2x/scatterbug.jpg,Bug
#0665,Spewpa,https://img.pokemondb.net/sprites/home/normal/2x/spewpa.jpg,Bug
#0666,Vivillon,https://img.pokemondb.net/sprites/home/normal/2x/vivillon.jpg,Bug|Flying
#0667,Litleo,https://img.pokemondb.net/sprites/home/normal/2x/litleo.jpg,Fire|Normal
#0668,Pyroar,https://img.pokemondb.net/sprites/home/normal/2x/pyroar.jpg,Fire|Normal
#0669,Flabébé,https://img.pokemondb.net/sprites/home/normal/2x/flabebe.jpg,Fairy
#0670,Floette,https://img.pokemondb.net/sprites/home/normal/2x/floette.jpg,Fairy
#0671,Florges,https://img.pokemondb.net/sprites/home/normal/2x/florges.jpg,Fairy
#0672,Skiddo,https://img.pokemondb.net/sprites/home/normal/2x/skiddo.jpg,Grass
#0673,Gogoat,https://img.pokemondb.net/sprites/home/normal/2x/gogoat.jpg,Grass
#0674,Pancham,https://img.pokemondb.net/sprites/home/normal/2x/pancham.jpg,Fighting
#0675,Pangoro,https://img.pokemondb.net/sprites/home/normal/2x/pangoro.jpg,Fighting|Dark
#0676,Furfrou,https://img.pokemondb.net/sprites/home/normal/2x/furfrou.jpg,Normal
#0677,Espurr,https://img.pokemondb.net/sprites/home/normal/2x/espurr.jpg,Psychic
#0678,Meowstic,https://img.pokemondb.net/sprites/home/normal/2x/meowstic.jpg,Psychic
#0679,Honedge,https://img.pokemondb.net/sprites/home/normal/2x/honedge.jpg,Steel|Ghost
#0680,Doublade,https://img.pokemondb.net/sprites/home/normal/2x/doublade.jpg,Steel|Ghost
#0681,Aegislash,https://img.pokemondb.net/sprites/home/normal/2x/aegislash.jpg,Steel|Ghost
#0682,Spritzee,https://img.pokemondb.net/sprites/home/normal/2x/spritzee.jpg,Fairy
#0683,Aromatisse,https://img.pokemondb.net/sprites/home/normal/2x/aromatisse.jpg,Fairy
#0684,Swirlix,https://img.pokemondb.net/sprites/home/normal/2x/swirlix.jpg,Fairy
#0685,Slurpuff,https://img.pokemondb.net/sprites/home/normal/2x/slurpuff.jpg,Fairy
#0686,Inkay,https://img.pokemondb.net/sprites/home/normal/2x/inkay.jpg,Dark|Psychic
#0687,Malamar,https://img.pokemondb.net/sprites/home/normal/2x/malamar.jpg,Dark|Psychic
#0688,Binacle,https://img.pokemondb.net/sprites/home/normal/2x/binacle.jpg,Rock|Water
#0689,Barbaracle,https://img.pokemondb.net/sprites/home/normal/2x/barbaracle.jpg,Rock|Water
#0690,Skrelp,https://img.pokemondb.net/sprites/home/normal/2x/skrelp.jpg,Poison|Water
#0691,Dragalge,https://img.pokemondb.net/sprites/home/normal/2x/dragalge.jpg,Poison|Dragon
#0692,Clauncher,https://img.pokemondb.net/sprites/home/normal/2x/clauncher.jpg,Water
#0693,Clawitzer,https://img.pokemondb.net/sprites/home/normal/2x/clawitzer.jpg,Water
#0694,Helioptile,https://img.pokemondb.net/sprites/home/normal/2x/helioptile.jpg,Electric|Normal
#0695,Heliolisk,https://img.pokemondb.net/sprites/home/normal/2x/heliolisk.jpg,Electric|Normal
#0696,Tyrunt,https://img.pokemondb.net/sprites/home/normal/2x/tyrunt.jpg,Rock|Dragon
#0697,Tyrantrum,https://img.pokemondb.net/sprites/home/normal/2x/tyrantrum.jpg,Rock|Dragon
#0698,Amaura,https://img.pokemondb.net/sprites/home/normal/2x/amaura.jpg,Rock|Ice
#0699,Aurorus,https://img.pokemondb.net/sprites/home/normal/2x/aurorus.jpg,Rock|Ice
#0700,Sylveon,https://img.pokemondb.net/sprites/home/normal/2x/sylveon.jpg,Fairy
#0701,Hawlucha,https://img.pokemondb.net/sprites/home/normal/2x/hawlucha.jpg,Fighting|Flying
#0702,Dedenne,https://img.pokemondb.net/sprites/home/normal/2x/dedenne.jpg,Electric|Fairy
#0703,Carbink,https://img.pokemondb.net/sprites/home/normal/2x/carbink.jpg,Rock|Fairy
#0704,Goomy,https://img.pokemondb.net/sprites/home/normal/2x/goomy.jpg,Dragon
#0705,Sliggoo,https://img.pokemondb.net/sprites/home/normal/2x/sliggoo.jpg,Dragon
#0706,Goodra,https://img.pokemondb.net/sprites/home/normal/2x/goodra.jpg,Dragon
#0707,Klefki,https://img.pokemondb.net/sprites/home/normal/2x/klefki.jpg,Steel|Fairy
#0708,Phantump,https://img.pokemondb.net/sprites/home/normal/2x/phantump.jpg,Ghost|Grass
#0709,Trevenant,https://img.pokemondb.net/sprites/home/normal/2x/trevenant.jpg,Ghost|Grass
#0710,Pumpkaboo,https://img.pokemondb.net/sprites/home/normal/2x/pumpkaboo.jpg,Ghost|Grass
#0711,Gourgeist,https://img.pokemondb.net/sprites/home/normal/2x/gourgeist.jpg,Ghost|Grass
#0712,Bergmite,https://img.pokemondb.net/sprites/home/normal/2x/bergmite.jpg,Ice
#0713,Avalugg,https://img.pokemondb.net/sprites/home/normal/2x/avalugg.jpg,Ice
#0714,Noibat,https://img.pokemondb.net/sprites/home/normal/2x/noibat.jpg,Flying|Dragon
#0715,Noivern,https://img.pokemondb.net/sprites/home/normal/2x/noivern.jpg,Flying|Dragon
#0716,Xerneas,https://img.pokemondb.net/sprites/home/normal/2x/xerneas.jpg,Fairy
#0717,Yveltal,https://img.pokemondb.net/sprites/home/normal/2x/yveltal.jpg,Dark|Flying
#0718,Zygarde,https://img.pokemondb.net/sprites/home/normal/2x/zygarde.jpg,Dragon|Ground
#0719,Diancie,https://img.pokemondb.net/sprites/home/normal/2x/diancie.jpg,Rock|Fairy
#0720,Hoopa,https://img.pokemondb.net/sprites/home/normal/2x/hoopa.jpg,Psychic|Ghost
#0721,Volcanion,https://img.pokemondb.net/sprites/home/normal/2x/volcanion.jpg,Fire|Water
#0722,Rowlet,https://img.pokemondb.net/sprites/home/normal/2x/rowlet.jpg,Grass|Flying
#0723,Dartrix,https://img.pokemondb.net/sprites/home/normal/2x/dartrix.jpg,Grass|Flying
#0724,Decidueye,https://img.pokemondb.net/sprites/home/normal/2x/decidueye.jpg,Grass|Ghost
#0725,Litten,https://img.pokemondb.net/sprites/home/normal/2x/litten.jpg,Fire
#0726,Torracat,https://img.pokemondb.net/sprites/home/normal/2x/torracat.jpg,Fire
#0727,Incineroar,https://img.pokemondb.net/sprites/home/normal/2x/incineroar.jpg,Fire|Dark
#0728,Popplio,https://img.pokemondb.net/sprites/home/normal/2x/popplio.jpg,Water
#0729,Brionne,https://img.pokemondb.net/sprites/home/normal/2x/brionne.jpg,Water
#0730,Primarina,https://img.pokemondb.net/sprites/home/normal/2x/primarina.jpg,Water|Fairy
#0731,Pikipek,https://img.pokemondb.net/sprites/home/normal/2x/pikipek.jpg,Normal|Flying
#0732,Trumbeak,https://img.pokemondb.net/sprites/home/normal/2x/trumbeak.jpg,Normal|Flying
#0733,Toucannon,https://img.pokemondb.net/sprites/home/normal/2x/toucannon.jpg,Normal|Flying
#0734,Yungoos,https://img.pokemondb.net/sprites/home/normal/2x/yungoos.jpg,Normal
#0735,Gumshoos,https://img.pokemondb.net/sprites/home/normal/2x/gumshoos.jpg,Normal
#0736,Grubbin,https://img.pokemondb.net/sprites/home/normal/2x/grubbin.jpg,Bug
#0737,Charjabug,https://img.pokemondb.net/sprites/home/normal/2x/charjabug.jpg,Bug|Electric
#0738,Vikavolt,https://img.pokemondb.net/sprites/home/normal/2x/vikavolt.jpg,Bug|Electric
#0739,Crabrawler,https://img.pokemondb.net/sprites/home/normal/2x/crabrawler.jpg,Fighting
#0740,Crabominable,https://img.pokemondb.net/sprites/home/normal/2x/crabominable.jpg,Fighting|Ice
#0741,Oricorio,https://img.pokemondb.net/sprites/home/normal/2x/oricorio.jpg,Fire|Flying
#0742,Cutiefly,https://img.pokemondb.net/sprites/home/normal/2x/cutiefly.jpg,Bug|Fairy
#0743,Ribombee,https://img.pokemondb.net/sprites/home/normal/2x/ribombee.jpg,Bug|Fairy
#0744,Rockruff,https://img.pokemondb.net/sprites/home/normal/2x/rockruff.jpg,Rock
#0745,Lycanroc,https://img.pokemondb.net/sprites/home/normal/2x/lycanroc.jpg,Rock
#0746,Wishiwashi,https://img.pokemondb.net/sprites/home/normal/2x/wishiwashi.jpg,Water
#0747,Mareanie,https://img.pokemondb.net/sprites/home/normal/2x/mareanie.jpg,Poison|Water
#0748,Toxapex,https://img.pokemondb.net/sprites/home/normal/2x/toxapex.jpg,Poison|Water
#0749,Mudbray,https://img.pokemondb.net/sprites/home/normal/2x/mudbray.jpg,Ground
#0750,Mudsdale,https://img.pokemondb.net/sprites/home/normal/2x/mudsdale.jpg,Ground
#0751,Dewpider,https://img.pokemondb.net/sprites/home/normal/2x/dewpider.jpg,Water|Bug
#0752,Araquanid,https://img.pokemondb.net/sprites/home/normal/2x/araquanid.jpg,Water|Bug
#0753,Fomantis,https://img.pokemondb.net/sprites/home/normal/2x/fomantis.jpg,Grass
#0754,Lurantis,https://img.pokemondb.net/sprites/home/normal/2x/lurantis.jpg,Grass
#0755,Morelull,https://img.pokemondb.net/sprites/home/normal/2x/morelull.jpg,Grass|Fairy
#0756,Shiinotic,https://img.pokemondb.net/sprites/home/normal/2x/shiinotic.jpg,Grass|Fairy
#0757,Salandit,https://img.pokemondb.net/sprites/home/normal/2x/salandit.jpg,Poison|Fire
#0758,Salazzle,https://img.pokemondb.net/sprites/home/normal/2x/salazzle.jpg,Poison|Fire
#0759,Stufful,https://img.pokemondb.net/sprites/home/normal/2x/stufful.jpg,Normal|Fighting
#0760,Bewear,https://img.pokemondb.net/sprites/home/normal/2x/bewear.jpg,Normal|Fighting
#0761,Bounsweet,https://img.pokemondb.net/sprites/home/normal/2x/bounsweet.jpg,Grass
#0762,Steenee,https://img.pokemondb.net/sprites/home/normal/2x/steenee.jpg,Grass
#0763,Tsareena,https://img.pokemondb.net/sprites/home/normal/2x/tsareena.jpg,Grass
#0764,Comfey,https://img.pokemondb.net/sprites/home/normal/2x/comfey.jpg,Fairy
#0765,Oranguru,https://img.pokemondb.net/sprites/home/normal/2x/oranguru.jpg,Normal|Psychic
#0766,Passimian,https://img.pokemondb.net/sprites/home/normal/2x/passimian.jpg,Fighting
#0767,Wimpod,https://img.pokemondb.net/sprites/home/normal/2x/wimpod.jpg,Bug|Water
#0768,Golisopod,https://img.pokemondb.net/sprites/home/normal/2x/golisopod.jpg,Bug|Water
#0769,Sandygast,https://img.pokemondb.net/sprites/home/normal/2x/sandygast.jpg,Ghost|Ground
#0770,Palossand,https://img.pokemondb.net/sprites/home/normal/2x/palossand.jpg,Ghost|Ground
#0771,Pyukumuku,https://img.pokemondb.net/sprites/home/normal/2x/pyukumuku.jpg,Water
#0772,Type: Null,https://img.pokemondb.net/sprites/home/normal/2x/type-null.jpg,Normal
#0773,Silvally,https://img.pokemondb.net/sprites/home/normal/2x/silvally.jpg,Normal
#0774,Minior,https://img.pokemondb.net/sprites/home/normal/2x/minior.jpg,Rock|Flying
#0775,Komala,https://img.pokemondb.net/sprites/home/normal/2x/komala.jpg,Normal
#0776,Turtonator,https://img.pokemondb.net/sprites/home/normal/2x/turtonator.jpg,Fire|Dragon
#0777,Togedemaru,https://img.pokemondb.net/sprites/home/normal/2x/togedemaru.jpg,Electric|Steel
#0778,Mimikyu,https://img.pokemondb.net/sprites/home/normal/2x/mimikyu.jpg,Ghost|Fairy
#0779,Bruxish,https://img.pokemondb.net/sprites/home/normal/2x/bruxish.jpg,Water|Psychic
#0780,Drampa,https://img.pokemondb.net/sprites/home/normal/2x/drampa.jpg,Normal|Dragon
#0781,Dhelmise,https://img.pokemondb.net/sprites/home/normal/2x/dhelmise.jpg,Ghost|Grass
#0782,Jangmo-o,https://img.pokemondb.net/sprites/home/normal/2x/jangmo-o.jpg,Dragon
#0783,Hakamo-o,https://img.pokemondb.net/sprites/home/normal/2x/hakamo-o.jpg,Dragon|Fighting
#0784,Kommo-o,https://img.pokemondb.net/sprites/home/normal/2x/kommo-o.jpg,Dragon|Fighting
#0785,Tapu Koko,https://img.pokemondb.net/sprites/home/normal/2x/tapu-koko.jpg,Electric|Fairy
#0786,Tapu Lele,https://img.pokemondb.net/sprites/home/normal/2x/tapu-lele.jpg,Psychic|Fairy
#0787,Tapu Bulu,https://img.pokemondb.net/sprites/home/normal/2x/tapu-bulu.jpg,Grass|Fairy
#0788,Tapu Fini,https://img.pokemondb.net/sprites/home/normal/2x/tapu-fini.jpg,Water|Fairy
#0789,Cosmog,https://img.pokemondb.net/sprites/home/normal/2x/cosmog.jpg,Psychic
#0790,Cosmoem,https://img.pokemondb.net/sprites/home/normal/2x/cosmoem.jpg,Psychic
#0791,Solgaleo,https://img.pokemondb.net/sprites/home/normal/2x/solgaleo.jpg,Psychic|Steel
#0792,Lunala,https://img.pokemondb.net/sprites/home/normal/2x/lunala.jpg,Psychic|Ghost
#0793,Nihilego,https://img.pokemondb.net/sprites/home/normal/2x/nihilego.jpg,Rock|Poison
#0794,Buzzwole,https://img.pokemondb.net/sprites/home/normal/2x/buzzwole.jpg,Bug|Fighting
#0795,Pheromosa,https://img.pokemondb.net/sprites/home/normal/2x/pheromosa.jpg,Bug|Fighting
#0796,Xurkitree,https://img.pokemondb.net/sprites/home/normal/2x/xurkitree.jpg,Electric
#0797,Celesteela,https://img.pokemondb.net/sprites/home/normal/2x/celesteela.jpg,Steel|Flying
#0798,Kartana,https://img.pokemondb.net/sprites/home/normal/2x/kartana.jpg,Grass|Steel
#0799,Guzzlord,https://img.pokemondb.net/sprites/home/normal/2x/guzzlord.jpg,Dark|Dragon
#0800,Necrozma,https://img.pokemondb.net/sprites/home/normal/2x/necrozma.jpg,Psychic
#0801,Magearna,https://img.pokemondb.net/sprites/home/normal/2x/magearna.jpg,Steel|Fairy
#0802,Marshadow,https://img.pokemondb.net/sprites/home/normal/2x/marshadow.jpg,Fighting|Ghost
#0803,Poipole,https://img.pokemondb.net/sprites/home/normal/2x/poipole.jpg,Poison
#0804,Naganadel,https://img.pokemondb.net/sprites/home/normal/2x/naganadel.jpg,Poison|Dragon
#0805,Stakataka,https://img.pokemondb.net/sprites/home/normal/2x/stakataka.jpg,Rock|Steel
#0806,Blacephalon,https://img.pokemondb.net/sprites/home/normal/2x/blacephalon.jpg,Fire|Ghost
#0807,Zeraora,https://img.pokemondb.net/sprites/home/normal/2x/zeraora.jpg,Electric
#0808,Meltan,https://img.pokemondb.net/sprites/home/normal/2x/meltan.jpg,Steel
#0809,Melmetal,https://img.pokemondb.net/sprites/home/normal/2x/melmetal.jpg,Steel
#0810,Grookey,https://img.pokemondb.net/sprites/home/normal/2x/grookey.jpg,Grass
#0811,Thwackey,https://img.pokemondb.net/sprites/home/normal/2x/thwackey.jpg,Grass
#0812,Rillaboom,https://img.pokemondb.net/sprites/home/normal/2x/rillaboom.jpg,Grass
#0813,Scorbunny,https://img.pokemondb.net/sprites/home/normal/2x/scorbunny.jpg,Fire
#0814,Raboot,https://img.pokemondb.net/sprites/home/normal/2x/raboot.jpg,Fire
#0815,Cinderace,https://img.pokemondb.net/sprites/home/normal/2x/cinderace.jpg,Fire
#0816,Sobble,https://img.pokemondb.net/sprites/home/normal/2x/sobble.jpg,Water
#0817,Drizzile,https://img.pokemondb.net/sprites/home/normal/2x/drizzile.jpg,Water
#0818,Inteleon,https://img.pokemondb.net/sprites/home/normal/2x/inteleon.jpg,Water
#0819,Skwovet,https://img.pokemondb.net/sprites/home/normal/2x/skwovet.jpg,Normal
#0820,Greedent,https://img.pokemondb.net/sprites/home/normal/2x/greedent.jpg,Normal
#0821,Rookidee,https://img.pokemondb.net/sprites/home/normal/2x/rookidee.jpg,Flying
#0822,Corvisquire,https://img.pokemondb.net/sprites/home/normal/2x/corvisquire.jpg,Flying
#0823,Corviknight,https://img.pokemondb.net/sprites/home/normal/2x/corviknight.jpg,Flying|Steel
#0824,Blipbug,https://img.pokemondb.net/sprites/home/normal/2x/blipbug.jpg,Bug
#0825,Dottler,https://img.pokemondb.net/sprites/home/normal/2x/dottler.jpg,Bug|Psychic
#0826,Orbeetle,https://img.pokemondb.net/sprites/home/normal/2x/orbeetle.jpg,Bug|Psychic
#0827,Nickit,https://img.pokemondb.net/sprites/home/normal/2x/nickit.jpg,Dark
#0828,Thievul,https://img.pokemondb.net/sprites/home/normal/2x/thievul.jpg,Dark
#0829,Gossifleur,https://img.pokemondb.net/sprites/home/normal/2x/gossifleur.jpg,Grass
#0830,Eldegoss,https://img.pokemondb.net/sprites/home/normal/2x/eldegoss.jpg,Grass
#0831,Wooloo,https://img.pokemondb.net/sprites/home/normal/2x/wooloo.jpg,Normal
#0832,Dubwool,https://img.pokemondb.net/sprites/home/normal/2x/dubwool.jpg,Normal
#0833,Chewtle,https://img.pokemondb.net/sprites/home/normal/2x/chewtle.jpg,Water
#0834,Drednaw,https://img.pokemondb.net/sprites/home/normal/2x/drednaw.jpg,Water|Rock
#0835,Yamper,https://img.pokemondb.net/sprites/home/normal/2x/yamper.jpg,Electric
#0836,Boltund,https://img.pokemondb.net/sprites/home/normal/2x/boltund.jpg,Electric
#0837,Rolycoly,https://img.pokemondb.net/sprites/home/normal/2x/rolycoly.jpg,Rock
#0838,Carkol,https://img.pokemondb.net/sprites/home/normal/2x/carkol.jpg,Rock|Fire
#0839,Coalossal,https://img.pokemondb.net/sprites/home/normal/2x/coalossal.jpg,Rock|Fire
#0840,Applin,https://img.pokemondb.net/sprites/home/normal/2x/applin.jpg,Grass|Dragon
#0841,Flapple,https://img.pokemondb.net/sprites/home/normal/2x/flapple.jpg,Grass|Dragon
#0842,Appletun,https://img.pokemondb.net/sprites/home/normal/2x/appletun.jpg,Grass|Dragon
#0843,Silicobra,https://img.pokemondb.net/sprites/home/normal/2x/silicobra.jpg,Ground
#0844,Sandaconda,https://img.pokemondb.net/sprites/home/normal/2x/sandaconda.jpg,Ground
#0845,Cramorant,https://img.pokemondb.net/sprites/home/normal/2x/cramorant.jpg,Flying|Water
#0846,Arrokuda,https://img.pokemondb.net/sprites/home/normal/2x/arrokuda.jpg,Water
#0847,Barraskewda,https://img.pokemondb.net/sprites/home/normal/2x/barraskewda.jpg,Water
#0848,Toxel,https://img.pokemondb.net/sprites/home/normal/2x/toxel.jpg,Electric|Poison
#0849,Toxtricity,https://img.pokemondb.net/sprites/home/normal/2x/toxtricity.jpg,Electric|Poison
#0850,Sizzlipede,https://img.pokemondb.net/sprites/home/normal/2x/sizzlipede.jpg,Fire|Bug
#0851,Centiskorch,https://img.pokemondb.net/sprites/home/normal/2x/centiskorch.jpg,Fire|Bug
#0852,Clobbopus,https://img.pokemondb.net/sprites/home/normal/2x/clobbopus.jpg,Fighting
#0853,Grapploct,https://img.pokemondb.net/sprites/home/normal/2x/grapploct.jpg,Fighting
#0854,Sinistea,https://img.pokemondb.net/sprites/home/normal/2x/sinistea.jpg,Ghost
#0855,Polteageist,https://img.pokemondb.net/sprites/home/normal/2x/polteageist.jpg,Ghost
#0856,Hatenna,https://img.pokemondb.net/sprites/home/normal/2x/hatenna.jpg,Psychic
#0857,Hattrem,https://img.pokemondb.net/sprites/home/normal/2x/hattrem.jpg,Psychic
#0858,Hatterene,https://img.pokemondb.net/sprites/home/normal/2x/hatterene.jpg,Psychic|Fairy
#0859,Impidimp,https://img.pokemondb.net/sprites/home/normal/2x/impidimp.jpg,Dark|Fairy
#0860,Morgrem,https://img.pokemondb.net/sprites/home/normal/2x/morgrem.jpg,Dark|Fairy
#0861,Grimmsnarl,https://img.pokemondb.net/sprites/home/normal/2x/grimmsnarl.jpg,Dark|Fairy
#0862,Obstagoon,https://img.pokemondb.net/sprites/home/normal/2x/obstagoon.jpg,Dark|Normal
#0863,Perrserker,https://img.pokemondb.net/sprites/home/normal/2x/perrserker.jpg,Steel
#0864,Cursola,https://img.pokemondb.net/sprites/home/normal/2x/cursola.jpg,Ghost
#0865,Sirfetch'd,https://img.pokemondb.net/sprites/home/normal/2x/sirfetchd.jpg,Fighting
#0866,Mr. Rime,https://img.pokemondb.net/sprites/home/normal/2x/mr-rime.jpg,Ice|Psychic
#0867,Runerigus,https://img.pokemondb.net/sprites/home/normal/2x/runerigus.jpg,Ground|Ghost
#0868,Milcery,https://img.pokemondb.net/sprites/home/normal/2x/milcery.jpg,Fairy
#0869,Alcremie,https://img.pokemondb.net/sprites/home/normal/2x/alcremie.jpg,Fairy
#0870,Falinks,https://img.pokemondb.net/sprites/home/normal/2x/falinks.jpg,Fighting
#0871,Pincurchin,https://img.pokemondb.net/sprites/home/normal/2x/pincurchin.jpg,Electric
#0872,Snom,https://img.pokemondb.net/sprites/home/normal/2x/snom.jpg,Ice|Bug
#0873,Frosmoth,https://img.pokemondb.net/sprites/home/normal/2x/frosmoth.jpg,Ice|Bug
#0874,Stonjourner,https://img.pokemondb.net/sprites/home/normal/2x/stonjourner.jpg,Rock
#0875,Eiscue,https://img.pokemondb.net/sprites/home/normal/2x/eiscue.jpg,Ice
#0876,Indeedee,https://img.pokemondb.net/sprites/home/normal/2x/indeedee.jpg,Psychic|Normal
#0877,Morpeko,https://img.pokemondb.net/sprites/home/normal/2x/morpeko.jpg,Electric|Dark
#0878,Cufant,https://img.pokemondb.net/sprites/home/normal/2x/cufant.jpg,Steel
#0879,Copperajah,https://img.pokemondb.net/sprites/home/normal/2x/copperajah.jpg,Steel
#0880,Dracozolt,https://img.pokemondb.net/sprites/home/normal/2x/dracozolt.jpg,Electric|Dragon
#0881,Arctozolt,https://img.pokemondb.net/sprites/home/normal/2x/arctozolt.jpg,Electric|Ice
#0882,Dracovish,https://img.pokemondb.net/sprites/home/normal/2x/dracovish.jpg,Water|Dragon
#0883,Arctovish,https://img.pokemondb.net/sprites/home/normal/2x/arctovish.jpg,Water|Ice
#0884,Duraludon,https://img.pokemondb.net/sprites/home/normal/2x/duraludon.jpg,Steel|Dragon
#0885,Dreepy,https://img.pokemondb.net/sprites/home/normal/2x/dreepy.jpg,Dragon|Ghost
#0886,Drakloak,https://img.pokemondb.net/sprites/home/normal/2x/drakloak.jpg,Dragon|Ghost
#0887,Dragapult,https://img.pokemondb.net/sprites/home/normal/2x/dragapult.jpg,Dragon|Ghost
#0888,Zacian,https://img.pokemondb.net/sprites/home/normal/2x/zacian.jpg,Fairy
#0889,Zamazenta,https://img.pokemondb.net/sprites/home/normal/2x/zamazenta.jpg,Fighting
#0890,Eternatus,https://img.pokemondb.net/sprites/home/normal/2x/eternatus.jpg,Poison|Dragon
#0891,Kubfu,https://img.pokemondb.net/sprites/home/normal/2x/kubfu.jpg,Fighting
#0892,Urshifu,https://img.pokemondb.net/sprites/home/normal/2x/urshifu.jpg,Fighting|Dark
#0893,Zarude,https://img.pokemondb.net/sprites/home/normal/2x/zarude.jpg,Dark|Grass
#0894,Regieleki,https://img.pokemondb.net/sprites/home/normal/2x/regieleki.jpg,Electric
#0895,Regidrago,https://img.pokemondb.net/sprites/home/normal/2x/regidrago.jpg,Dragon
#0896,Glastrier,https://img.pokemondb.net/sprites/home/normal/2x/glastrier.jpg,Ice
#0897,Spectrier,https://img.pokemondb.net/sprites/home/normal/2x/spectrier.jpg,Ghost
#0898,Calyrex,https://img.pokemondb.net/sprites/home/normal/2x/calyrex.jpg,Psychic|Grass
#0899,Wyrdeer,https://img.pokemondb.net/sprites/home/normal/2x/wyrdeer.jpg,Normal|Psychic
#0900,Kleavor,https://img.pokemondb.net/sprites/home/normal/2x/kleavor.jpg,Bug|Rock
#0901,Ursaluna,https://img.pokemondb.net/sprites/home/normal/2x/ursaluna.jpg,Ground|Normal
#0902,Basculegion,https://img.pokemondb.net/sprites/home/normal/2x/basculegion.jpg,Water|Ghost
#0903,Sneasler,https://img.pokemondb.net/sprites/home/normal/2x/sneasler.jpg,Fighting|Poison
#0904,Overqwil,https://img.pokemondb.net/sprites/home/normal/2x/overqwil.jpg,Dark|Poison
#0905,Enamorus,https://img.pokemondb.net/sprites/home/normal/2x/enamorus.jpg,Fairy|Flying
#0906,Sprigatito,https://img.pokemondb.net/sprites/scarlet-violet/normal/sprigatito.png,Grass
#0907,Floragato,https://img.pokemondb.net/sprites/scarlet-violet/normal/floragato.png,Grass
#0908,Meowscarada,https://img.pokemondb.net/sprites/scarlet-violet/normal/meowscarada.png,Grass|Dark
#0909,Fuecoco,https://img.pokemondb.net/sprites/scarlet-violet/normal/fuecoco.png,Fire
#0910,Crocalor,https://img.pokemondb.net/sprites/scarlet-violet/normal/crocalor.png,Fire
#0911,Skeledirge,https://img.pokemondb.net/sprites/scarlet-violet/normal/skeledirge.png,Fire|Ghost
#0912,Quaxly,https://img.pokemondb.net/sprites/scarlet-violet/normal/quaxly.png,Water
#0913,Quaxwell,https://img.pokemondb.net/sprites/scarlet-violet/normal/quaxwell.png,Water
#0914,Quaquaval,https://img.pokemondb.net/sprites/scarlet-violet/normal/quaquaval.png,Water|Fighting
#0915,Lechonk,https://img.pokemondb.net/sprites/scarlet-violet/normal/lechonk.png,Normal
#0916,Oinkologne,https://img.pokemondb.net/sprites/scarlet-violet/normal/oinkologne.png,Normal
#0917,Tarountula,https://img.pokemondb.net/sprites/scarlet-violet/normal/tarountula.png,Bug
#0918,Spidops,https://img.pokemondb.net/sprites/scarlet-violet/normal/spidops.png,Bug
#0919,Nymble,https://img.pokemondb.net/sprites/scarlet-violet/normal/nymble.png,Bug
#0920,Lokix,https://img.pokemondb.net/sprites/scarlet-violet/normal/lokix.png,Bug|Dark
#0921,Pawmi,https://img.pokemondb.net/sprites/scarlet-violet/normal/pawmi.png,Electric
#0922,Pawmo,https://img.pokemondb.net/sprites/scarlet-violet/normal/pawmo.png,Electric|Fighting
#0923,Pawmot,https://img.pokemondb.net/sprites/scarlet-violet/normal/pawmot.png,Electric|Fighting
#0924,Tandemaus,https://img.pokemondb.net/sprites/scarlet-violet/normal/tandemaus.png,Normal
#0925,Maushold,https://img.pokemondb.net/sprites/scarlet-violet/normal/maushold.png,Normal
#0926,Fidough,https://img.pokemondb.net/sprites/scarlet-violet/normal/fidough.png,Fairy
#0927,Dachsbun,https://img.pokemondb.net/sprites/scarlet-violet/normal/dachsbun.png,Fairy
#0928,Smoliv,https://img.pokemondb.net/sprites/scarlet-violet/normal/smoliv.png,Grass|Normal
#0929,Dolliv,https://img.pokemondb.net/sprites/scarlet-violet/normal/dolliv.png,Grass|Normal
#0930,Arboliva,https://img.pokemondb.net/sprites/scarlet-violet/normal/arboliva.png,Grass|Normal
#0931,Squawkabilly,https://img.pokemondb.net/sprites/scarlet-violet/normal/squawkabilly.png,Normal|Flying
#0932,Nacli,https://img.pokemondb.net/sprites/scarlet-violet/normal/nacli.png,Rock
#0933,Naclstack,https://img.pokemondb.net/sprites/scarlet-violet/normal/naclstack.png,Rock
#0934,Garganacl,https://img.pokemondb.net/sprites/scarlet-violet/normal/garganacl.png,Rock
#0935,Charcadet,https://img.pokemondb.net/sprites/scarlet-violet/normal/charcadet.png,Fire
#0936,Armarouge,https://img.pokemondb.net/sprites/scarlet-violet/normal/armarouge.png,Fire|Psychic
#0937,Ceruledge,https://img.pokemondb.net/sprites/scarlet-violet/normal/ceruledge.png,Fire|Ghost
#0938,Tadbulb,https://img.pokemondb.net/sprites/scarlet-violet/normal/tadbulb.png,Electric
#0939,Bellibolt,https://img.pokemondb.net/sprites/scarlet-violet/normal/bellibolt.png,Electric
#0940,Wattrel,https://img.pokemondb.net/sprites/scarlet-violet/normal/wattrel.png,Electric|Flying
#0941,Kilowattrel,https://img.pokemondb.net/sprites/scarlet-violet/normal/kilowattrel.png,Electric|Flying
#0942,Maschiff,https://img.pokemondb.net/sprites/scarlet-violet/normal/maschiff.png,Dark
#0943,Mabosstiff,https://img.pokemondb.net/sprites/scarlet-violet/normal/mabosstiff.png,Dark
#0944,Shroodle,https://img.pokemondb.net/sprites/scarlet-violet/normal/shroodle.png,Poison|Normal
#0945,Grafaiai,https://img.pokemondb.net/sprites/scarlet-violet/normal/grafaiai.png,Poison|Normal
#0946,Bramblin,https://img.pokemondb.net/sprites/scarlet-violet/normal/bramblin.png,Grass|Ghost
#0947,Brambleghast,https://img.pokemondb.net/sprites/scarlet-violet/normal/brambleghast.png,Grass|Ghost
#0948,Toedscool,https://img.pokemondb.net/sprites/scarlet-violet/normal/toedscool.png,Ground|Grass
#0949,Toedscruel,https://img.pokemondb.net/sprites/scarlet-violet/normal/toedscruel.png,Ground|Grass
#0950,Klawf,https://img.pokemondb.net/sprites/scarlet-violet/normal/klawf.png,Rock
#0951,Capsakid,https://img.pokemondb.net/sprites/scarlet-violet/normal/capsakid.png,Grass
#0952,Scovillain,https://img.pokemondb.net/sprites/scarlet-violet/normal/scovillain.png,Grass|Fire
#0953,Rellor,https://img.pokemondb.net/sprites/scarlet-violet/normal/rellor.png,Bug
#0954,Rabsca,https://img.pokemondb.net/sprites/scarlet-violet/normal/rabsca.png,Bug|Psychic
#0955,Flittle,https://img.pokemondb.net/sprites/scarlet-violet/normal/flittle.png,Psychic
#0956,Espathra,https://img.pokemondb.net/sprites/scarlet-violet/normal/espathra.png,Psychic
#0957,Tinkatink,https://img.pokemondb.net/sprites/scarlet-violet/normal/tinkatink.png,Fairy|Steel
#0958,Tinkatuff,https://img.pokemondb.net/sprites/scarlet-violet/normal/tinkatuff.png,Fairy|Steel
#0959,Tinkaton,https://img.pokemondb.net/sprites/scarlet-violet/normal/tinkaton.png,Fairy|Steel
#0960,Wiglett,https://img.pokemondb.net/sprites/scarlet-violet/normal/wiglett.png,Water
#0961,Wugtrio,https://img.pokemondb.net/sprites/scarlet-violet/normal/wugtrio.png,Water
#0962,Bombirdier,https://img.pokemondb.net/sprites/scarlet-violet/normal/bombirdier.png,Flying|Dark
#0963,Finizen,https://img.pokemondb.net/sprites/scarlet-violet/normal/finizen.png,Water
#0964,Palafin,https://img.pokemondb.net/sprites/scarlet-violet/normal/palafin.png,Water
#0965,Varoom,https://img.pokemondb.net/sprites/scarlet-violet/normal/varoom.png,Steel|Poison
#0966,Revavroom,https://img.pokemondb.net/sprites/scarlet-violet/normal/revavroom.png,Steel|Poison
#0967,Cyclizar,https://img.pokemondb.net/sprites/scarlet-violet/normal/cyclizar.png,Dragon|Normal
#0968,Orthworm,https://img.pokemondb.net/sprites/scarlet-violet/normal/orthworm.png,Steel
#0969,Glimmet,https://img.pokemondb.net/sprites/scarlet-violet/normal/glimmet.png,Rock|Poison
#0970,Glimmora,https://img.pokemondb.net/sprites/scarlet-violet/normal/glimmora.png,Rock|Poison
#0971,Greavard,https://img.pokemondb.net/sprites/scarlet-violet/normal/greavard.png,Ghost
#0972,Houndstone,https://img.pokemondb.net/sprites/scarlet-violet/normal/houndstone.png,Ghost
#0973,Flamigo,https://img.pokemondb.net/sprites/scarlet-violet/normal/flamigo.png,Flying|Fighting
#0974,Cetoddle,https://img.pokemondb.net/sprites/scarlet-violet/normal/cetoddle.png,Ice
#0975,Cetitan,https://img.pokemondb.net/sprites/scarlet-violet/normal/cetitan.png,Ice
#0976,Veluza,https://img.pokemondb.net/sprites/scarlet-violet/normal/veluza.png,Water|Psychic
#0977,Dondozo,https://img.pokemondb.net/sprites/scarlet-violet/normal/dondozo.png,Water
#0978,Tatsugiri,https://img.pokemondb.net/sprites/scarlet-violet/normal/tatsugiri.png,Dragon|Water
#0979,Annihilape,https://img.pokemondb.net/sprites/scarlet-violet/normal/annihilape.png,Fighting|Ghost
#0980,Clodsire,https://img.pokemondb.net/sprites/scarlet-violet/normal/clodsire.png,Poison|Ground
#0981,Farigiraf,https://img.pokemondb.net/sprites/scarlet-violet/normal/farigiraf.png,Normal|Psychic
#0982,Dudunsparce,https://img.pokemondb.net/sprites/scarlet-violet/normal/dudunsparce.png,Normal
#0983,Kingambit,https://img.pokemondb.net/sprites/scarlet-violet/normal/kingambit.png,Dark|Steel
#0984,Great Tusk,https://img.pokemondb.net/sprites/scarlet-violet/normal/great-tusk.png,Ground|Fighting
#0985,Scream Tail,https://img.pokemondb.net/sprites/scarlet-violet/normal/scream-tail.png,Fairy|Psychic
#0986,Brute Bonnet,https://img.pokemondb.net/sprites/scarlet-violet/normal/brute-bonnet.png,Grass|Dark
#0987,Flutter Mane,https://img.pokemondb.net/sprites/scarlet-violet/normal/flutter-mane.png,Ghost|Fairy
#0988,Slither Wing,https://img.pokemondb.net/sprites/scarlet-violet/normal/slither-wing.png,Bug|Fighting
#0989,Sandy Shocks,https://img.pokemondb.net/sprites/scarlet-violet/normal/sandy-shocks.png,Electric|Ground
#0990,Iron Treads,https://img.pokemondb.net/sprites/scarlet-violet/normal/iron-treads.png,Ground|Steel
#0991,Iron Bundle,https://img.pokemondb.net/sprites/scarlet-violet/normal/iron-bundle.png,Ice|Water
#0992,Iron Hands,https://img.pokemondb.net/sprites/scarlet-violet/normal/iron-hands.png,Fighting|Electric
#0993,Iron Jugulis,https://img.pokemondb.net/sprites/scarlet-violet/normal/iron-jugulis.png,Dark|Flying
#0994,Iron Moth,https://img.pokemondb.net/sprites/scarlet-violet/normal/iron-moth.png,Fire|Poison
#0995,Iron Thorns,https://img.pokemondb.net/sprites/scarlet-violet/normal/iron-thorns.png,Rock|Electric
#0996,Frigibax,https://img.pokemondb.net/sprites/scarlet-violet/normal/frigibax.png,Dragon|Ice
#0997,Arctibax,https://img.pokemondb.net/sprites/scarlet-violet/normal/arctibax.png,Dragon|Ice
#0998,Baxcalibur,https://img.pokemondb.net/sprites/scarlet-violet/normal/baxcalibur.png,Dragon|Ice
#0999,Gimmighoul,https://img.pokemondb.net/sprites/scarlet-violet/normal/gimmighoul.png,Ghost
#1000,Gholdengo,https://img.pokemondb.net/sprites/scarlet-violet/normal/gholdengo.png,Steel|Ghost
#1001,Wo-Chien,https://img.pokemondb.net/sprites/scarlet-violet/normal/wo-chien.png,Dark|Grass
#1002,Chien-Pao,https://img.pokemondb.net/sprites/scarlet-violet/normal/chien-pao.png,Dark|Ice
#1003,Ting-Lu,https://img.pokemondb.net/sprites/scarlet-violet/normal/ting-lu.png,Dark|Ground
#1004,Chi-Yu,https://img.pokemondb.net/sprites/scarlet-violet/normal/chi-yu.png,Dark|Fire
#1005,Roaring Moon,https://img.pokemondb.net/sprites/scarlet-violet/normal/roaring-moon.png,Dragon|Dark
#1006,Iron Valiant,https://img.pokemondb.net/sprites/scarlet-violet/normal/iron-valiant.png,Fairy|Fighting
#1007,Koraidon,https://img.pokemondb.net/sprites/scarlet-violet/normal/koraidon.png,Fighting|Dragon
#1008,Miraidon,https://img.pokemondb.net/sprites/scarlet-violet/normal/miraidon.png,Electric|Dragon
#1009,Walking Wake,https://img.pokemondb.net/sprites/scarlet-violet/normal/walking-wake.png,Water|Dragon
#1010,Iron Leaves,https://img.pokemondb.net/sprites/scarlet-violet/normal/iron-leaves.png,Grass|Psychic
#1011,Dipplin,https://img.pokemondb.net/sprites/scarlet-violet/normal/dipplin.png,Grass|Dragon
#1012,Poltchageist,https://img.pokemondb.net/sprites/scarlet-violet/normal/poltchageist.png,Grass|Ghost
#1013,Sinistcha,https://img.pokemondb.net/sprites/scarlet-violet/normal/sinistcha.png,Grass|Ghost
#1014,Okidogi,https://img.pokemondb.net/sprites/scarlet-violet/normal/okidogi.png,Poison|Fighting
#1015,Munkidori,https://img.pokemondb.net/sprites/scarlet-violet/normal/munkidori.png,Poison|Psychic
#1016,Fezandipiti,https://img.pokemondb.net/sprites/scarlet-violet/normal/fezandipiti.png,Poison|Fairy
#1017,Ogerpon,https://img.pokemondb.net/sprites/scarlet-violet/normal/ogerpon.png,Grass
#1018,Archaludon,https://img.pokemondb.net/sprites/scarlet-violet/normal/archaludon.png,Steel|Dragon
#1019,Hydrapple,https://img.pokemondb.net/sprites/scarlet-violet/normal/hydrapple.png,Grass|Dragon
#1020,Gouging Fire,https://img.pokemondb.net/sprites/scarlet-violet/normal/gouging-fire.png,Fire|Dragon
#1021,Raging Bolt,https://img.pokemondb.net/sprites/scarlet-violet/normal/raging-bolt.png,Electric|Dragon
#1022,Iron Boulder,https://img.pokemondb.net/sprites/scarlet-violet/normal/iron-boulder.png,Rock|Psychic
#1023,Iron Crown,https://img.pokemondb.net/sprites/scarlet-violet/normal/iron-crown.png,Steel|Psychic
#1024,Terapagos,https://img.pokemondb.net/sprites/scarlet-violet/normal/terapagos.png,Normal
#1025,Pecharunt,https://img.pokemondb.net/sprites/scarlet-violet/normal/pecharunt.png,Poison|Ghost
